time,x,y,z,vx,vy,vz,fx,fy,fz,kinetic_energy,displacement
0.0,0.0,0.0,-15.0,0.0,0.0,0.5,0.0,0.0,0.1,4.8875,0.0
0.0010000000474974513,3.890394e-08,3.2316493e-08,-14.9995,2.5935959e-05,2.1544329e-05,0.499981,1.0140959,0.8423832,-0.74396324,4.887128,0.00049972534
0.0020000000949949026,9.7366296e-08,9.784302e-08,-14.999001,4.7620222e-05,5.086579e-05,0.49995312,0.8478547,1.1464691,-1.0891881,4.8865833,0.0009994507
0.003000000142492354,1.7916801e-07,1.962138e-07,-14.998501,7.040788e-05,8.2535786e-05,0.49992505,0.89099735,1.2382965,-1.0972338,4.886035,0.001499176
0.004000000189989805,2.9554474e-07,3.1931907e-07,-14.998001,0.00010105377,0.000109582106,0.4998944,1.1982543,1.0575112,-1.1974161,4.885436,0.0019989014
0.0050000002374872565,4.4389424e-07,4.7065086e-07,-14.997501,0.00013258425,0.00013741522,0.49986356,1.2328417,1.088275,-1.206439,4.8848333,0.0024986267
0.006000000284984708,6.1684995e-07,6.5203324e-07,-14.997002,0.00015949857,0.00016672669,0.499835,1.0523497,1.1460786,-1.1162844,4.884276,0.0029983523
0.007000000332482159,8.176907e-07,8.591541e-07,-14.996502,0.00018706002,0.00019365613,0.49980557,1.0776529,1.0529411,-1.1509709,4.883701,0.0034980776
0.00800000037997961,1.0436063e-06,1.1001981e-06,-14.996002,0.00021296371,0.00022524802,0.4997786,1.0128342,1.2352425,-1.0550312,4.883174,0.0039978027
0.009000000427477062,1.296248e-06,1.3591945e-06,-14.995502,0.00023941575,0.00024774694,0.49974573,1.0342746,0.8797071,-1.2848601,4.882532,0.0044975285
0.010000000474974513,1.5769608e-06,1.6507336e-06,-14.995003,0.00026694714,0.00027694163,0.49971318,1.0764776,1.1415128,-1.2722063,4.881897,0.004997254
0.011000000522471964,1.8841214e-06,1.9697432e-06,-14.994503,0.00029375608,0.0003049869,0.49968624,1.0482292,1.0965694,-1.0536178,4.8813715,0.005496979
0.012000000569969416,2.2228592e-06,2.3090427e-06,-14.994003,0.00032374394,0.00032786187,0.49965808,1.172525,0.8944112,-1.1017066,4.8808217,0.005996705
0.013000000617466867,2.5827542e-06,2.672101e-06,-14.993504,0.00034784473,0.0003513261,0.49962786,0.9423416,0.9174521,-1.1813003,4.880232,0.0064964304
0.014000000664964318,2.965331e-06,3.0667682e-06,-14.993004,0.00037099945,0.00038022012,0.4995984,0.90534896,1.1297565,-1.1515069,4.8796577,0.006996156
0.01500000071246177,3.3817764e-06,3.4925667e-06,-14.992504,0.00040129674,0.00041060577,0.49957246,1.1846237,1.1880788,-1.0152905,4.8791513,0.0074958815
0.01600000075995922,3.8178323e-06,3.938003e-06,-14.992004,0.00042446938,0.00043382603,0.49954456,0.90605056,0.90791243,-1.0912682,4.8786073,0.007995607
0.017000000807456672,4.27873e-06,4.4146664e-06,-14.991505,0.00044875508,0.00046238423,0.49951476,0.94957083,1.1166251,-1.165491,4.878026,0.008495333
0.018000000854954123,4.7711405e-06,4.9224345e-06,-14.991005,0.00047785867,0.0004926401,0.4994876,1.1379502,1.1830032,-1.0611565,4.877497,0.008995059
0.019000000902451575,5.2905425e-06,5.462743e-06,-14.990505,0.00050555414,0.00052441895,0.49946222,1.0828937,1.242555,-0.99288607,4.8770022,0.009494784
0.020000000949949026,5.834264e-06,6.0255425e-06,-14.9900055,0.0005309989,0.00055000593,0.49943846,0.9948907,1.0004499,-0.9292335,4.876539,0.009994511
0.021000000997446477,6.4025776e-06,6.624053e-06,-14.989506,0.0005558756,0.0005823425,0.49940896,0.97267765,1.2643604,-1.1541688,4.875964,0.010494236
0.02200000104494393,6.997375e-06,7.2422113e-06,-14.989006,0.00058182323,0.00060621975,0.49938336,1.0145516,0.93360084,-1.0014825,4.875466,0.010993962
0.02300000109244138,7.616942e-06,7.889034e-06,-14.988506,0.0006069859,0.0006332888,0.4993561,0.9838606,1.0584011,-1.065916,4.8749347,0.0114936875
0.02400000113993883,8.262489e-06,8.566149e-06,-14.988007,0.0006326928,0.00066250557,0.49932802,1.0051407,1.1423758,-1.0972317,4.8743877,0.011993415
0.025000001187436283,8.935587e-06,9.27129e-06,-14.987507,0.0006596295,0.0006909298,0.4992998,1.0532241,1.1113887,-1.103805,4.873838,0.01249314
0.026000001234933734,9.638457e-06,1.0000473e-05,-14.987007,0.00068845676,0.00071643165,0.49926966,1.127145,0.99712163,-1.1775322,4.8732514,0.012992866
0.027000001282431185,1.0362911e-05,1.0757655e-05,-14.986508,0.0007124546,0.000743599,0.49923736,0.93831545,1.0622449,-1.2637272,4.872622,0.013491639
0.028000001329928637,1.1117305e-05,1.1537704e-05,-14.98601,0.00074041425,0.00076789944,0.4992073,1.0932212,0.9501456,-1.1759644,4.8720365,0.013990412
0.029000001377426088,1.19045835e-05,1.2338203e-05,-14.985511,0.00077165704,0.0007896323,0.49918053,1.2215939,0.84975505,-1.0469666,4.871516,0.014489184
0.03000000142492354,1.2717733e-05,1.3172971e-05,-14.985012,0.0007993184,0.0008197227,0.499152,1.0815609,1.176535,-1.1156828,4.870961,0.014987957
0.03100000147242099,1.3556532e-05,1.4028314e-05,-14.984513,0.0008256395,0.0008434692,0.49912313,1.0291557,0.92848897,-1.1287506,4.870399,0.015486729
0.03200000151991844,1.4416504e-05,1.4908697e-05,-14.9840145,0.0008485276,0.0008680788,0.49909493,0.8949233,0.9622345,-1.1023868,4.8698506,0.015985502
0.03300000156741589,1.5302243e-05,1.5812439e-05,-14.983516,0.00087333465,0.00089185394,0.49906167,0.9699559,0.9296076,-1.3000176,4.869203,0.016484275
0.034000001614913344,1.6214448e-05,1.6744521e-05,-14.983017,0.0008992492,0.00091867294,0.499029,1.0132599,1.0486223,-1.277106,4.8685675,0.016983049
0.035000001662410796,1.7158172e-05,1.770361e-05,-14.982518,0.0009288998,0.0009456172,0.4989986,1.1593381,1.0535202,-1.1887639,4.8679767,0.01748182
0.03600000170990825,1.8126519e-05,1.8689452e-05,-14.982019,0.0009551971,0.00097243313,0.4989732,1.0282251,1.048502,-0.9941141,4.8674827,0.017980594
0.0370000017574057,1.9124896e-05,1.9699513e-05,-14.981521,0.000983985,0.0009975184,0.49894866,1.1256078,0.98083663,-0.9588104,4.8670063,0.018479368
0.03800000180490315,2.0145832e-05,2.0737036e-05,-14.981022,0.0010086193,0.0010241867,0.49891698,0.9631987,1.0427297,-1.2381607,4.86639,0.018978141
0.0390000018524006,2.1194179e-05,2.1797438e-05,-14.980523,0.0010351046,0.00104833,0.49888614,1.0355732,0.944001,-1.206145,4.8657904,0.019476915
0.04000000189989805,2.2269189e-05,2.2890104e-05,-14.980024,0.0010617081,0.0010778869,0.498857,1.040194,1.1556743,-1.139644,4.8652244,0.019975688
0.041000001947395504,2.3374298e-05,2.401378e-05,-14.979526,0.0010906426,0.0011084115,0.4988262,1.1313434,1.1935096,-1.2038739,4.864626,0.020474462
0.042000001994892955,2.4498255e-05,2.5164476e-05,-14.979027,0.001112853,0.0011366012,0.49879947,0.8684247,1.102218,-1.0454483,4.864107,0.020973235
0.043000002042390406,2.5654097e-05,2.6338284e-05,-14.978528,0.001141512,0.0011614059,0.49877188,1.1205668,0.969866,-1.0793777,4.863571,0.021472009
0.04400000208988786,2.6836653e-05,2.7544329e-05,-14.978029,0.0011688744,0.0011911651,0.49874073,1.0698725,1.1635813,-1.2179573,4.8629665,0.021970782
0.04500000213738531,2.804682e-05,2.8774919e-05,-14.9775305,0.0011964022,0.0012174486,0.4987152,1.0763379,1.0276867,-0.99861676,4.862471,0.022469556
0.04600000218488276,2.9282122e-05,3.0031559e-05,-14.977032,0.0012223361,0.0012435764,0.49868444,1.0140146,1.0215944,-1.202736,4.8618736,0.02296833
0.04700000223238021,3.0543648e-05,3.131619e-05,-14.976533,0.001248462,0.0012709475,0.4986535,1.0215232,1.0702116,-1.2090039,4.8612733,0.023467105
0.04800000227987766,3.183164e-05,3.2632484e-05,-14.976034,0.0012748159,0.0013011788,0.49862665,1.0304341,1.1820421,-1.0504797,4.8607526,0.02396588
0.049000002327375114,3.3142238e-05,3.397303e-05,-14.975535,0.0012986696,0.0013274221,0.49859276,0.9326825,1.0261134,-1.3245407,4.8600945,0.024464654
0.050000002374872565,3.448107e-05,3.534255e-05,-14.975037,0.0013254425,0.0013554879,0.49856582,1.0468167,1.0973709,-1.0537964,4.859572,0.024963427
0.05100000242237002,3.584574e-05,3.6742742e-05,-14.974538,0.0013515948,0.0013852916,0.49853402,1.0225574,1.1653235,-1.243594,4.858955,0.025462203
0.05200000246986747,3.724085e-05,3.8174094e-05,-14.974039,0.0013806041,0.0014159983,0.49850318,1.1342638,1.2006358,-1.2060046,4.858357,0.025960978
0.05300000251736492,3.8661783e-05,3.9634637e-05,-14.97354,0.00140749,0.001445695,0.4984736,1.0512367,1.1611394,-1.155606,4.857784,0.026459752
0.05400000256486237,4.0110594e-05,4.112424e-05,-14.973042,0.0014350356,0.0014749677,0.49844724,1.0770324,1.1445642,-1.0307397,4.857273,0.026958527
0.05500000261235982,4.1582996e-05,4.2641142e-05,-14.972543,0.001459948,0.0015029251,0.49841973,0.9740748,1.0931313,-1.0752743,4.8567405,0.027457302
0.05600000265985727,4.308194e-05,4.418779e-05,-14.972044,0.001485944,0.0015320713,0.49839354,1.0164427,1.1396157,-1.0247785,4.856233,0.027956076
0.057000002707354724,4.4609093e-05,4.575804e-05,-14.971545,0.0015134191,0.0015575234,0.49836773,1.0742755,0.9951769,-1.0094182,4.8557334,0.028454853
0.058000002754852176,4.6161014e-05,4.736183e-05,-14.971046,0.0015390856,0.0015883693,0.498337,1.0035639,1.2060739,-1.2009466,4.855138,0.028953627
0.05900000280234963,4.7740064e-05,4.8992304e-05,-14.970548,0.001565729,0.0016164371,0.49831167,1.0417577,1.0974526,-0.9907373,4.8546476,0.029452402
0.06000000284984708,4.9344693e-05,5.0646206e-05,-14.97005,0.0015916631,0.0016414118,0.49828202,1.0140209,0.9765117,-1.1591011,4.854073,0.029950226
0.06100000289734453,5.097426e-05,5.233459e-05,-14.969552,0.0016169338,0.001672727,0.4982587,0.9880849,1.2244285,-0.91109496,4.8536224,0.030448047
0.06200000294484198,5.2627965e-05,5.4046923e-05,-14.969054,0.0016414481,0.001699129,0.49822694,0.9585079,1.0323181,-1.242612,4.8530073,0.03094587
0.06300000299233943,5.430282e-05,5.578687e-05,-14.968556,0.0016637187,0.0017263399,0.49819785,0.8707804,1.0639458,-1.1373837,4.8524437,0.031443693
0.06400000303983688,5.600716e-05,5.755479e-05,-14.968059,0.0016907966,0.0017540583,0.49817118,1.0587461,1.0837893,-1.0433682,4.8519278,0.031941514
0.06500000308733433,5.7743542e-05,5.934684e-05,-14.967561,0.001721187,0.0017793876,0.49813908,1.1882645,0.99037755,-1.2545944,4.8513064,0.03243934
0.06600000313483179,5.9503145e-05,6.1167695e-05,-14.967063,0.0017467964,0.0018070323,0.4981098,1.0013273,1.0809069,-1.1450499,4.8507395,0.03293716
0.06700000318232924,6.129148e-05,6.301487e-05,-14.966565,0.0017744908,0.0018337937,0.49807668,1.0828525,1.0463737,-1.2942606,4.8500986,0.033434983
0.06800000322982669,6.311011e-05,6.488191e-05,-14.966067,0.0018039106,0.0018559573,0.49804294,1.1503121,0.8665986,-1.3192029,4.8494453,0.033932805
0.06900000327732414,6.4965185e-05,6.6783636e-05,-14.9655695,0.0018380216,0.0018864673,0.4980145,1.3337396,1.1929398,-1.1117679,4.8488965,0.03443063
0.07000000332482159,6.684062e-05,6.87119e-05,-14.965072,0.001862967,0.0019143339,0.4979873,0.9753691,1.089584,-1.0638593,4.84837,0.034928452
0.07100000337231904,6.873884e-05,7.066433e-05,-14.964574,0.0018864645,0.0019397322,0.49796,0.9187542,0.99307275,-1.0673897,4.847842,0.035426278
0.0720000034198165,7.0665934e-05,7.264307e-05,-14.964076,0.0019135528,0.001965739,0.49793303,1.0591493,1.016863,-1.0542101,4.8473215,0.0359241
0.07300000346731395,7.261775e-05,7.4653384e-05,-14.963578,0.0019390645,0.0019954504,0.49790522,0.9975062,1.1617085,-1.0875431,4.846784,0.036421925
0.0740000035148114,7.460195e-05,7.6691744e-05,-14.96308,0.0019691512,0.0020240576,0.4978792,1.1763928,1.1185454,-1.0176657,4.846282,0.036919747
0.07500000356230885,7.661197e-05,7.8759e-05,-14.962583,0.0019963991,0.002052863,0.49784687,1.0653985,1.1262861,-1.2647095,4.845657,0.037417572
0.0760000036098063,7.8648394e-05,8.084856e-05,-14.962085,0.0020230818,0.0020773187,0.49781743,1.0432911,0.95621866,-1.1512647,4.845088,0.037915397
0.07700000365730375,8.071381e-05,8.296139e-05,-14.961587,0.0020513064,0.0021009995,0.4977893,1.1035825,0.9259186,-1.1004872,4.844545,0.038413223
0.0780000037048012,8.2801766e-05,8.5101135e-05,-14.961089,0.0020757327,0.0021268283,0.4977575,0.95507073,1.0099065,-1.2430357,4.84393,0.03891105
0.07900000375229865,8.491772e-05,8.726866e-05,-14.960591,0.0021025457,0.0021539577,0.49773172,1.0483876,1.0607561,-1.0078704,4.8434324,0.03940887
0.0800000037997961,8.7058164e-05,8.9458605e-05,-14.9600935,0.0021278113,0.0021779523,0.4977043,0.98788285,0.93818986,-1.072291,4.842903,0.039906695
0.08100000384729356,8.922756e-05,9.168139e-05,-14.959596,0.0021555333,0.0022078366,0.49767315,1.0839287,1.168472,-1.2179097,4.842302,0.040404525
0.08200000389479101,9.143484e-05,9.392511e-05,-14.959098,0.002190037,0.0022317604,0.49764106,1.3490961,0.93542236,-1.2544667,4.8416824,0.04090235
0.08300000394228846,9.366454e-05,9.6191405e-05,-14.9586,0.0022164753,0.0022547808,0.49761733,1.0337385,0.9000955,-0.9274773,4.841225,0.041400176
0.08400000398978591,9.591385e-05,9.848633e-05,-14.958102,0.0022383668,0.0022815438,0.49758416,0.85595834,1.0464275,-1.2972637,4.8405843,0.041898
0.08500000403728336,9.819797e-05,0.000100803976,-14.957604,0.0022688725,0.002305612,0.49755642,1.1927735,0.9410686,-1.0845517,4.8400493,0.042395826
0.08600000408478081,0.000100505895,0.00010314958,-14.957107,0.0022949085,0.002332275,0.49752894,1.0180082,1.0425245,-1.0741067,4.839519,0.042893652
0.08700000413227826,0.00010284383,0.000105523635,-14.956609,0.00232359,0.0023601316,0.4975026,1.1214467,1.0891892,-1.0305918,4.839012,0.043391477
0.08800000417977571,0.00010521016,0.00010792546,-14.956111,0.0023520833,0.0023879237,0.4974735,1.1140912,1.086671,-1.1370856,4.8384514,0.043889303
0.08900000422727317,0.000107600434,0.00011035887,-14.955613,0.0023775434,0.0024182536,0.49744442,0.99548686,1.1858995,-1.1370254,4.8378906,0.044387132
0.09000000427477062,0.00011001012,0.0001128183,-14.955115,0.0023989738,0.0024457027,0.4974149,0.8379334,1.0732596,-1.1542103,4.837321,0.04488496
0.09100000432226807,0.0001124543,0.00011530028,-14.9546175,0.0024291098,0.0024698903,0.49738798,1.1783167,0.9457329,-1.0525217,4.8368025,0.045382783
0.09200000436976552,0.00011491931,0.00011780451,-14.95412,0.0024530445,0.002492784,0.49735788,0.9358452,0.8951467,-1.1763873,4.8362217,0.045880612
0.09300000441726297,0.0001174152,0.000120335244,-14.953623,0.0024816042,0.0025180816,0.49732727,1.116686,0.9891285,-1.1965752,4.835632,0.046377484
0.09400000446476042,0.000119939104,0.00012289493,-14.953126,0.0025098023,0.0025458133,0.497301,1.1025426,1.0843142,-1.0269216,4.835127,0.046874363
0.09500000451225787,0.00012248401,0.00012548172,-14.952629,0.0025332002,0.0025731318,0.49727517,0.9148545,1.0681512,-1.0104171,4.8346295,0.047371235
0.09600000455975533,0.00012505687,0.00012809028,-14.952132,0.0025596432,0.002596752,0.49724585,1.03392,0.92354995,-1.1465137,4.8340645,0.04786811
0.09700000460725278,0.00012765768,0.00013073107,-14.951635,0.0025870763,0.0026261166,0.4972187,1.0726281,1.1481541,-1.0614613,4.8335423,0.048364986
0.09800000465475023,0.00013028439,0.00013339981,-14.9511385,0.0026134956,0.0026545327,0.49718618,1.0329982,1.1110643,-1.2717808,4.832916,0.048861858
0.09900000470224768,0.00013293662,0.00013609354,-14.950642,0.002639322,0.0026806623,0.4971592,1.0098139,1.0216669,-1.0541887,4.832397,0.049358733
0.10000000474974513,0.00013561633,0.00013881546,-14.950145,0.0026662466,0.0027081717,0.49713084,1.052749,1.0756161,-1.1087688,4.831851,0.049855612
0.10100000479724258,0.0001383171,0.00014156228,-14.949648,0.0026892715,0.0027339389,0.49709773,0.9002734,1.0074953,-1.29463,4.8312125,0.050352484
0.10200000484474003,0.00014104249,0.00014433412,-14.949151,0.0027133534,0.0027592038,0.49706814,0.94160277,0.98785967,-1.1569704,4.8306427,0.050849363
0.10300000489223748,0.0001437971,0.00014713488,-14.948654,0.0027408493,0.0027869144,0.4970386,1.0750875,1.0834814,-1.1545916,4.830075,0.05134624
0.10400000493973494,0.00014657514,0.00014996108,-14.948157,0.0027656506,0.0028131069,0.49701014,0.96973044,1.0241295,-1.1131958,4.829527,0.051843114
0.10500000498723239,0.0001493815,0.00015281091,-14.94766,0.0027927903,0.0028375888,0.49698433,1.061163,0.9572426,-1.009302,4.829031,0.05233999
0.10600000503472984,0.00015221229,0.00015568417,-14.947164,0.0028181248,0.002861377,0.49695387,0.99057955,0.93012416,-1.191179,4.828445,0.05283687
0.10700000508222729,0.00015506193,0.00015859025,-14.946667,0.002839143,0.0028911715,0.49692813,0.821808,1.1649618,-1.0063056,4.82795,0.053333744
0.10800000512972474,0.00015793697,0.00016151881,-14.94617,0.002863076,0.002916098,0.4968984,0.93578666,0.97462624,-1.1621068,4.8273787,0.05383062
0.10900000517722219,0.00016083736,0.00016447795,-14.945673,0.002887946,0.0029447947,0.49687147,0.9724194,1.1220417,-1.0531065,4.8268614,0.054327495
0.11000000522471964,0.00016376603,0.00016746257,-14.945176,0.0029150988,0.0029713428,0.49683693,1.0616673,1.0380305,-1.350169,4.826196,0.05482438
0.1110000052722171,0.00016672043,0.00017047102,-14.944679,0.0029413025,0.0029960775,0.4968059,1.0245643,0.9671306,-1.2131362,4.8255997,0.055321254
0.11200000531971455,0.00016969981,0.00017350649,-14.944182,0.0029666808,0.003022342,0.49677023,0.9922897,1.0269446,-1.3948121,4.8249125,0.055818133
0.113000005367212,0.00017270893,0.00017657247,-14.943686,0.002994974,0.0030514363,0.4967443,1.1062597,1.1375909,-1.0134491,4.8244157,0.05631501
0.11400000541470945,0.00017574467,0.00017967146,-14.943189,0.003022151,0.003083144,0.49671277,1.0626277,1.2397734,-1.2327455,4.82381,0.056811888
0.1150000054622069,0.00017880127,0.00018279572,-14.942692,0.0030451235,0.0031105462,0.49668404,0.89822525,1.0714203,-1.1227454,4.8232584,0.057308767
0.11600000550970435,0.00018188712,0.00018594932,-14.942195,0.0030722711,0.0031392549,0.49665353,1.0614672,1.12251,-1.1935301,4.8226724,0.05780565
0.1170000055572018,0.00018499671,0.00018912031,-14.941698,0.003097142,0.0031604182,0.4966221,0.972454,0.82748437,-1.2294213,4.8220677,0.058302525
0.11800000560469925,0.00018813378,0.00019232351,-14.941201,0.003123761,0.0031889286,0.49659052,1.0407999,1.1147548,-1.2335072,4.821461,0.05879941
0.1190000056521967,0.0001912911,0.0001955489,-14.940704,0.0031461308,0.0032132363,0.49656063,0.87466264,0.9504295,-1.1688504,4.8208866,0.059296284
0.12000000569969416,0.00019448024,0.00019880827,-14.9402075,0.003174805,0.0032439886,0.4965278,1.1211636,1.2024162,-1.2838368,4.8202567,0.059793163
0.12100000574719161,0.0001976959,0.00020209081,-14.939711,0.0032020446,0.0032696915,0.49649978,1.0650684,1.004984,-1.095774,4.8197193,0.060290046
0.12200000579468906,0.00020093749,0.00020539774,-14.939214,0.0032284034,0.0032945143,0.49647218,1.0306233,0.97057325,-1.0795515,4.81919,0.060786925
0.12300000584218651,0.00020420602,0.00020872959,-14.938717,0.0032551598,0.0033194027,0.49644485,1.0461783,0.9731418,-1.0679742,4.8186665,0.06128381
0.12400000588968396,0.00020750529,0.00021209054,-14.93822,0.0032845684,0.0033471026,0.49641994,1.1498783,1.0830687,-0.9737108,4.81819,0.061780687
0.1250000059371814,0.00021083273,0.00021547523,-14.937724,0.0033131498,0.0033721584,0.49638644,1.1175272,0.9796811,-1.3099,4.817547,0.062276617
0.12600000598467886,0.00021418376,0.00021889017,-14.937228,0.0033384042,0.003400686,0.49635518,0.9874486,1.1154265,-1.2221727,4.8169475,0.06277254
0.12700000603217632,0.00021756055,0.00022233826,-14.936732,0.0033639884,0.0034322862,0.49632552,1.0003439,1.2355694,-1.1598194,4.816379,0.063268475
0.12800000607967377,0.00022096901,0.00022581215,-14.936236,0.0033936347,0.0034600256,0.49630034,1.1591694,1.0846163,-0.98483455,4.8158984,0.0637644
0.12900000612717122,0.00022440162,0.00022931391,-14.93574,0.0034196118,0.0034878536,0.49627313,1.0157053,1.088075,-1.0640551,4.815377,0.06426033
0.13000000617466867,0.00022786384,0.00023284905,-14.935245,0.0034480118,0.0035193744,0.49624476,1.1104351,1.2324653,-1.1094824,4.814835,0.06475626
0.13100000622216612,0.00023134993,0.00023640764,-14.934749,0.003473403,0.0035455115,0.49621338,0.9927881,1.0219593,-1.2270458,4.8142333,0.065252185
0.13200000626966357,0.00023485914,0.0002399918,-14.934253,0.0034972755,0.003571281,0.49618807,0.9334185,1.007586,-0.9896021,4.8137493,0.06574812
0.13300000631716102,0.00023839228,0.00024360341,-14.933757,0.0035211889,0.0035981643,0.4961589,0.93501115,1.051142,-1.1403854,4.81319,0.06624404
0.13400000636465847,0.00024195232,0.00024724437,-14.933261,0.00354709,0.0036267012,0.49613187,1.0127423,1.115794,-1.0567694,4.8126736,0.06673998
0.13500000641215593,0.00024553895,0.00025090715,-14.932765,0.0035734312,0.003650765,0.4961042,1.0299376,0.94089425,-1.080958,4.8121443,0.06723591
0.13600000645965338,0.0002491565,0.00025459344,-14.932269,0.0036028451,0.0036744527,0.49607563,1.1500816,0.9261857,-1.1176255,4.8115973,0.06773184
0.13700000650715083,0.00025279567,0.00025830997,-14.931773,0.0036270712,0.0037025132,0.4960483,0.9472388,1.0971645,-1.0683901,4.8110747,0.068227775
0.13800000655464828,0.00025646904,0.00026204577,-14.931277,0.0036579329,0.0037247166,0.49601838,1.206689,0.868157,-1.169419,4.810502,0.06872371
0.13900000660214573,0.00026016278,0.00026581006,-14.930781,0.0036818103,0.0037511124,0.4959927,0.93361247,1.0320717,-1.0044017,4.810011,0.069219634
0.14000000664964318,0.00026388222,0.00026959786,-14.930285,0.0037069095,0.0037755726,0.49597004,0.9813773,0.95639634,-0.88539934,4.809579,0.06971557
0.14100000669714063,0.0002676239,0.00027341663,-14.92979,0.0037300831,0.0038043703,0.49594182,0.9060878,1.1259863,-1.1034944,4.809039,0.0702115
0.14200000674463809,0.0002713943,0.00027726567,-14.929294,0.0037569623,0.0038341486,0.49591628,1.050977,1.1643299,-0.99830645,4.8085523,0.07070743
0.14300000679213554,0.0002751894,0.0002811364,-14.928798,0.0037824041,0.0038585356,0.49588436,0.9947792,0.9535309,-1.2479949,4.807941,0.071203366
0.144000006839633,0.00027901065,0.00028503727,-14.928302,0.0038082984,0.0038867714,0.49585772,1.0124689,1.1040246,-1.0419873,4.807432,0.0716993
0.14500000688713044,0.0002828543,0.00028896536,-14.927806,0.003831877,0.003914326,0.49583063,0.92192197,1.0773779,-1.0597419,4.8069153,0.07219523
0.1460000069346279,0.00028671938,0.00029292554,-14.92731,0.0038540026,0.0039449017,0.49580297,0.86511433,1.1955057,-1.0810397,4.806387,0.072691165
0.14700000698212534,0.00029062087,0.00029691053,-14.926814,0.003885659,0.003971612,0.4957761,1.2377605,1.0443652,-1.0513474,4.805875,0.0731871
0.1480000070296228,0.0002945495,0.00030092002,-14.926318,0.0039143153,0.0039968677,0.49574655,1.1204623,0.98748565,-1.1548609,4.8053102,0.07368304
0.14900000707712024,0.00029849898,0.00030495846,-14.925822,0.0039377594,0.004024602,0.4957172,0.91666496,1.0844063,-1.148054,4.8047495,0.07417897
0.1500000071246177,0.0003024744,0.00030902965,-14.925326,0.0039628525,0.0040556607,0.49568528,0.9811355,1.2143863,-1.2481288,4.8041396,0.074674904
0.15100000717211515,0.00030647198,0.00031312776,-14.92483,0.0039859903,0.004083978,0.4956558,0.9046822,1.1072124,-1.1526061,4.8035765,0.07517084
0.1520000072196126,0.000310492,0.0003172456,-14.924335,0.0040086685,0.0041065607,0.49563015,0.8867115,0.8829758,-1.0030068,4.8030863,0.07566678
0.15300000726711005,0.00031453595,0.00032138953,-14.923839,0.00403219,0.0041314755,0.49560177,0.9196973,0.9741687,-1.1098247,4.802544,0.07616271
0.1540000073146075,0.00031861232,0.00032556153,-14.923343,0.0040616468,0.004158501,0.4955761,1.1517581,1.0566987,-1.0035291,4.802056,0.07665865
0.15500000736210495,0.0003227184,0.00032976427,-14.922847,0.004091257,0.0041879835,0.49554792,1.1577694,1.1527699,-1.1020818,4.801519,0.077154584
0.1560000074096024,0.0003268529,0.00033399896,-14.922351,0.004120079,0.0042191166,0.49552256,1.1269178,1.2173067,-0.99199444,4.801038,0.077650525
0.15700000745709985,0.00033101172,0.00033825616,-14.921855,0.0041459105,0.0042444933,0.49549475,1.0100148,0.99222064,-1.0875552,4.8005075,0.07814646
0.1580000075045973,0.00033519426,0.0003425428,-14.921359,0.0041703302,0.0042725825,0.49546495,0.9548087,1.0982927,-1.1648452,4.7999387,0.0786424
0.15900000755209476,0.00033940832,0.0003468586,-14.920863,0.0041994853,0.0043013897,0.49543613,1.1399561,1.1263642,-1.127198,4.79939,0.07913834
0.1600000075995922,0.00034364787,0.00035120393,-14.920368,0.0042262007,0.0043306723,0.49540648,1.0445685,1.1449434,-1.1598244,4.798825,0.07963332
0.16100000764708966,0.00034790873,0.0003555772,-14.919873,0.004249307,0.004359093,0.49537647,0.9034528,1.1112438,-1.1729243,4.798252,0.080128305
0.1620000076945871,0.00035220172,0.00035997934,-14.919378,0.0042784335,0.004387769,0.49534693,1.1388571,1.1212339,-1.1551616,4.79769,0.08062329
0.16300000774208456,0.00035651962,0.00036440472,-14.918883,0.0043047536,0.0044128513,0.49531686,1.0291203,0.98072094,-1.1752466,4.7971163,0.08111828
0.16400000778958201,0.00036086192,0.0003688523,-14.918388,0.004329791,0.0044360105,0.49528882,0.97894865,0.90552354,-1.0964451,4.7965813,0.081613265
0.16500000783707947,0.0003652253,0.00037332773,-14.917893,0.004352191,0.00446228,0.49525958,0.8758407,1.0271294,-1.142682,4.7960234,0.08210825
0.16600000788457692,0.00036961623,0.00037783364,-14.917398,0.0043780147,0.004491358,0.4952295,1.0097089,1.1369522,-1.1752151,4.7954507,0.08260324
0.16700000793207437,0.0003740365,0.00038236738,-14.9169035,0.004406162,0.0045196144,0.49520242,1.1005572,1.1048242,-1.0597268,4.794936,0.083098225
0.16800000797957182,0.00037847986,0.00038692844,-14.916409,0.0044309697,0.004547249,0.49517623,0.9699716,1.0805234,-1.0238949,4.794438,0.08359321
0.16900000802706927,0.00038295126,0.00039152225,-14.915914,0.004457934,0.0045782872,0.49514908,1.0542936,1.2135984,-1.0618048,4.7939224,0.0840882
0.17000000807456672,0.00038745056,0.00039614376,-14.915419,0.004485497,0.0046070977,0.49512354,1.0777036,1.1264945,-0.9988281,4.7934384,0.084583186
0.17100000812206417,0.00039197333,0.00040079007,-14.914924,0.0045103356,0.004633255,0.49509257,0.97119296,1.0227419,-1.2102895,4.7928476,0.08507818
0.17200000816956162,0.0003965215,0.0004054698,-14.914429,0.0045355596,0.004664246,0.49506396,0.98626345,1.2117598,-1.1183103,4.792304,0.08557317
0.17300000821705908,0.00040109162,0.00041017492,-14.913934,0.0045585856,0.0046914974,0.49503472,0.9003111,1.0655333,-1.143014,4.791747,0.08606816
0.17400000826455653,0.00040569267,0.00041490482,-14.913439,0.0045869034,0.0047170874,0.49500647,1.1072261,1.0005724,-1.1047543,4.79121,0.08656315
0.17500000831205398,0.0004103118,0.00041965873,-14.912944,0.0046083806,0.004741624,0.49497396,0.8397608,0.95939046,-1.2718471,4.7905893,0.08705814
0.17600000835955143,0.00041495773,0.0004244361,-14.912449,0.004633415,0.004765448,0.4949443,0.978839,0.93151784,-1.1590998,4.7900243,0.08755313
0.17700000840704888,0.0004196266,0.00042924428,-14.911954,0.0046570497,0.004793939,0.49491504,0.9241093,1.1140031,-1.1442357,4.789468,0.08804812
0.17800000845454633,0.00042432334,0.0004340846,-14.911459,0.004683518,0.004824866,0.49488574,1.0349127,1.2092476,-1.145842,4.7889113,0.08854311
0.17900000850204378,0.00042905175,0.0004389532,-14.910964,0.0047134487,0.0048540174,0.49485296,1.1702913,1.1398134,-1.2819643,4.788288,0.08903811
0.18000000854954123,0.00043380188,0.00044384037,-14.910469,0.004737903,0.0048761177,0.49482274,0.956167,0.8641148,-1.1812819,4.787712,0.0895331
0.1810000085970387,0.0004385793,0.0004487614,-14.909974,0.0047642486,0.004906048,0.4947933,1.0301119,1.1702796,-1.1515654,4.7871532,0.09002809
0.18200000864453614,0.00044338248,0.00045370986,-14.909479,0.0047902083,0.004934328,0.494762,1.0150275,1.1057512,-1.2229726,4.786558,0.09052308
0.1830000086920336,0.0004482113,0.0004586898,-14.908984,0.004815942,0.004964745,0.49473625,1.0061858,1.1893041,-1.0066766,4.7860703,0.09101807
0.18400000873953104,0.00045305613,0.0004636941,-14.908489,0.004835186,0.0049911076,0.49471098,0.7524301,1.0307784,-0.9877659,4.7855906,0.09151307
0.1850000087870285,0.00045792825,0.00046872266,-14.907994,0.0048598023,0.005016065,0.4946806,0.9624884,0.9758413,-1.1874555,4.7850127,0.09200806
0.18600000883452594,0.00046283513,0.00047378463,-14.907499,0.0048911883,0.0050466754,0.4946495,1.2271935,1.196862,-1.2160518,4.784423,0.092503056
0.1870000088820234,0.00046776325,0.0004788653,-14.907004,0.004915809,0.005069325,0.49462268,0.96265584,0.88560474,-1.0485148,4.783913,0.09299805
0.18800000892952085,0.00047271897,0.0004839774,-14.906509,0.0049424046,0.00509785,0.4945918,1.0398935,1.1153358,-1.207636,4.783327,0.093493044
0.1890000089770183,0.00047770154,0.0004891151,-14.906014,0.004969184,0.00512439,0.49456358,1.0470716,1.0377057,-1.10303,4.7827916,0.093988046
0.19000000902451575,0.00048270897,0.00049427437,-14.9055195,0.0049946923,0.005147647,0.49452975,0.9973839,0.90934885,-1.3226402,4.782147,0.09448304
0.1910000090720132,0.00048773704,0.00049946824,-14.905025,0.0050169453,0.0051784394,0.49450433,0.8700968,1.2039796,-0.99382263,4.7816663,0.094978034
0.19200000911951065,0.0004927895,0.00050468894,-14.904531,0.005040629,0.0052066045,0.49446964,0.92601824,1.1012573,-1.3562471,4.781006,0.09547208
0.1930000091670081,0.0004978623,0.00050993287,-14.9040365,0.0050620986,0.005231461,0.49443972,0.8394596,0.9718992,-1.1694777,4.780437,0.09596612
0.19400000921450555,0.0005029691,0.0005152068,-14.9035425,0.0050919103,0.00525974,0.49441338,1.165634,1.105722,-1.0305711,4.779939,0.09646017
0.195000009262003,0.0005080947,0.00052050804,-14.9030485,0.0051143398,0.005287419,0.49438494,0.8769851,1.0822403,-1.1118473,4.7794,0.09695421
0.19600000930950046,0.00051325216,0.0005258367,-14.9025545,0.0051431227,0.005314919,0.49435776,1.125413,1.0752579,-1.0632753,4.778886,0.09744826
0.1970000093569979,0.00051842636,0.00053119316,-14.9020605,0.0051638447,0.005342599,0.49433288,0.810222,1.082289,-0.9731533,4.7784147,0.09794231
0.19800000940449536,0.0005236364,0.0005365721,-14.9015665,0.005194652,0.0053668283,0.4943091,1.2045679,0.9473636,-0.92939305,4.7779665,0.098436356
0.1990000094519928,0.0005288644,0.0005419822,-14.9010725,0.0052168337,0.005395697,0.49428087,0.86730516,1.1287715,-1.1029958,4.7774315,0.098930396
0.20000000949949026,0.0005341125,0.0005474215,-14.9005785,0.0052376883,0.0054247933,0.49424586,0.81542546,1.1376696,-1.3695943,4.7767653,0.099424444
0.2010000095469877,0.00053939066,0.000552887,-14.9000845,0.0052646785,0.005451903,0.4942154,1.0553226,1.0599872,-1.190962,4.7761884,0.09991849
0.20200000959448516,0.00054469303,0.0005583745,-14.8995905,0.005289805,0.005475665,0.4941903,0.98245454,0.92908174,-0.9813728,4.7757134,0.10041253
0.20300000964198261,0.00055002404,0.00056388445,-14.8990965,0.0053172647,0.0054985266,0.4941609,1.0736744,0.89389116,-1.1498168,4.7751555,0.10090658
0.20400000968948007,0.00055538386,0.0005694263,-14.8986025,0.0053456193,0.005527389,0.4941369,1.1086686,1.1285119,-0.93775564,4.7747045,0.10140063
0.20500000973697752,0.0005607711,0.00057499437,-14.8981085,0.0053733587,0.0055544996,0.49410933,1.0846194,1.0600343,-1.0779576,4.7741833,0.101894684
0.20600000978447497,0.00056618877,0.00058059057,-14.8976145,0.0054029096,0.0055823065,0.4940827,1.1554419,1.0872556,-1.0420547,4.7736807,0.10238873
0.20700000983197242,0.00057163124,0.0005862101,-14.89712,0.0054292777,0.005607149,0.4940556,1.0309939,0.9713434,-1.059263,4.7731686,0.10288278
0.20800000987946987,0.00057710207,0.0005918581,-14.896626,0.0054569906,0.0056343577,0.49403074,1.0835785,1.063856,-0.9722133,4.7727003,0.103376836
0.20900000992696732,0.0005825947,0.000597533,-14.896132,0.0054807886,0.0056614154,0.4940032,0.9305108,1.0579476,-1.0769404,4.7721796,0.10387088
0.21000000997446477,0.0005881172,0.0006032364,-14.895638,0.0055086124,0.0056893765,0.49397588,1.0879102,1.0932767,-1.0685455,4.7716637,0.10436493
0.21100001002196223,0.0005936639,0.0006089684,-14.895144,0.0055339737,0.0057177725,0.4939504,0.99163085,1.1102759,-0.99618876,4.7711835,0.10485899
0.21200001006945968,0.00059923995,0.0006147314,-14.89465,0.005562008,0.0057479423,0.49391955,1.0961369,1.179635,-1.2056713,4.7706003,0.105353035
0.21300001011695713,0.00060484116,0.0006205259,-14.894156,0.005588142,0.005778991,0.49389133,1.0218598,1.2140045,-1.1029778,4.770068,0.10584709
0.21400001016445458,0.00061046786,0.00062634866,-14.893662,0.0056138616,0.005808156,0.4938613,1.0056369,1.1403409,-1.174603,4.7695003,0.10634114
0.21500001021195203,0.00061611924,0.00063219893,-14.893168,0.0056388583,0.005836237,0.4938317,0.97737706,1.0979675,-1.1572673,4.768941,0.1068352
0.21600001025944948,0.00062180206,0.0006380733,-14.892674,0.0056681694,0.005861661,0.49379823,1.1460632,0.9940645,-1.3082411,4.7683067,0.10732925
0.21700001030694693,0.00062750885,0.0006439762,-14.89218,0.005693938,0.0058891713,0.49376732,1.0075634,1.0756462,-1.2085841,4.767722,0.107823305
0.21800001035444438,0.0006332398,0.0006499035,-14.891686,0.0057185907,0.0059145964,0.49373826,0.9639238,0.9941233,-1.1362659,4.7671723,0.10831736
0.21900001040194184,0.0006389922,0.0006558581,-14.891192,0.0057411096,0.0059412834,0.4937065,0.88049114,1.0434725,-1.2421752,4.7665706,0.108811416
0.2200000104494393,0.00064477726,0.0006618429,-14.890698,0.0057704225,0.0059703114,0.4936809,1.1461306,1.1349975,-1.0005931,4.76609,0.10930547
0.22100001049693674,0.0006505929,0.00066785736,-14.890204,0.0058005475,0.0059997374,0.49365076,1.1778975,1.1505648,-1.1784679,4.765522,0.10979953
0.2220000105444342,0.0006564312,0.0006738896,-14.88971,0.005825712,0.006021392,0.49362323,0.98393416,0.8466913,-1.0763375,4.7650013,0.11029358
0.22300001059193164,0.00066229387,0.0006799494,-14.889216,0.005850335,0.006047046,0.49359506,0.9627747,1.0030676,-1.1012596,4.764469,0.11078764
0.2240000106394291,0.00066818425,0.0006860384,-14.888722,0.005877032,0.0060749906,0.49356353,1.0438436,1.09264,-1.2322747,4.7638736,0.1112817
0.22500001068692654,0.000674096,0.00069215527,-14.888228,0.005900153,0.0061028977,0.49353874,0.9040392,1.0911709,-0.9695535,4.763407,0.111775756
0.226000010734424,0.0006800279,0.0006982964,-14.887735,0.005921294,0.006128385,0.49351105,0.82662034,0.99656695,-1.0822225,4.7628837,0.112268865
0.22700001078192145,0.0006859864,0.0007044624,-14.887242,0.005946125,0.0061534713,0.4934811,0.97089756,0.9808658,-1.1709864,4.7623177,0.11276197
0.2280000108294189,0.00069196854,0.0007106591,-14.886749,0.005970155,0.0061822683,0.4934551,0.9395738,1.1259592,-1.016162,4.761829,0.113255076
0.22900001087691635,0.00069798355,0.0007168894,-14.886256,0.0060000718,0.006214329,0.49342293,1.1697468,1.2535812,-1.2581507,4.761223,0.113748185
0.2300000109244138,0.0007040189,0.00072314724,-14.885763,0.006023612,0.0062433584,0.49339077,0.9204211,1.1350471,-1.2574455,4.760615,0.11424129
0.23100001097191125,0.00071008387,0.0007294297,-14.88527,0.0060511767,0.0062694503,0.49336284,1.0777916,1.0201962,-1.0921288,4.760089,0.1147344
0.2320000110194087,0.0007161695,0.0007357407,-14.884777,0.0060741515,0.0062971436,0.49333394,0.89832115,1.0828185,-1.1298862,4.7595434,0.115227506
0.23300001106690615,0.0007222803,0.00074208115,-14.884284,0.006098595,0.006326,0.4933044,0.9557403,1.1282992,-1.1547184,4.758987,0.115720615
0.2340000111144036,0.0007284229,0.00074844563,-14.883791,0.0061279177,0.0063516563,0.4932802,1.1465261,1.0031552,-0.94566953,4.758533,0.116213724
0.23500001116190106,0.00073458685,0.00075484114,-14.883298,0.006151943,0.006380905,0.49325067,0.93938744,1.1436201,-1.1546052,4.7579765,0.11670683
0.2360000112093985,0.0007407739,0.00076126115,-14.882805,0.0061753653,0.0064069713,0.49322316,0.9158168,1.0191944,-1.0760771,4.7574587,0.11719994
0.23700001125689596,0.00074698194,0.000767708,-14.882312,0.00619716,0.0064335633,0.49319503,0.8521733,1.0397542,-1.1002353,4.756928,0.11769305
0.2380000113043934,0.0007532203,0.00077418797,-14.881819,0.0062246397,0.0064644953,0.4931701,1.0744568,1.2094456,-0.9742757,4.756462,0.11818616
0.23900001135189086,0.00075948617,0.00078070106,-14.881326,0.0062521435,0.0064969133,0.49314392,1.0754005,1.2675396,-1.0248073,4.755972,0.11867928
0.2400000113993883,0.0007657796,0.0007872403,-14.880833,0.006279663,0.0065251123,0.49311498,1.0760176,1.1025903,-1.1313298,4.755428,0.11917239
0.24100001144688576,0.000772102,0.00079380814,-14.88034,0.006308133,0.0065536182,0.493088,1.1131552,1.1145769,-1.0541064,4.754922,0.1196655
0.24200001149438322,0.00077844714,0.00080040615,-14.879847,0.0063328273,0.00658322,0.49305394,0.9655569,1.157418,-1.3317136,4.754279,0.12015861
0.24300001154188067,0.00078482553,0.0008070311,-14.879354,0.0063631944,0.0066110296,0.49302852,1.1873642,1.0873579,-0.9945394,4.7538037,0.12065173
0.24400001158937812,0.00079122273,0.00081368105,-14.87886,0.0063858633,0.006636967,0.49299425,0.8863551,1.0141519,-1.3405907,4.753155,0.12114484
0.24500001163687557,0.0007976561,0.00082036364,-14.878367,0.006417539,0.0066673956,0.4929643,1.2385265,1.1897594,-1.1710497,4.752594,0.12163796
0.24600001168437302,0.00080411654,0.0008270758,-14.877874,0.006446145,0.0066972557,0.4929362,1.118502,1.1675375,-1.0983098,4.7520676,0.12213107
0.24700001173187047,0.0008105978,0.00083381427,-14.877381,0.006469527,0.006724721,0.49290383,0.91422397,1.0738958,-1.2656205,4.7514563,0.12262419
0.24800001177936792,0.0008171059,0.00084057235,-14.876888,0.006495202,0.0067469478,0.4928737,1.0038911,0.86907625,-1.1777263,4.7508883,0.12311731
0.24900001182686538,0.00082364207,0.0008473617,-14.876395,0.006522532,0.0067751966,0.49284542,1.0685998,1.1045365,-1.1063355,4.7503576,0.12361042
0.2500000118743628,0.00083020213,0.0008541807,-14.875902,0.006547533,0.006804432,0.49281904,0.9775285,1.1430917,-1.0318319,4.7498636,0.12410354
0.2510000119218603,0.0008367996,0.00086103106,-14.875409,0.0065808413,0.006835059,0.4927869,1.3023595,1.1975151,-1.2560003,4.7492614,0.12459666
0.25200001196935773,0.00084341154,0.0008679063,-14.874916,0.006601548,0.0068618846,0.4927563,0.8096324,1.0488822,-1.1968231,4.748684,0.12508978
0.2530000120168552,0.0008500587,0.0008748031,-14.874423,0.0066319625,0.0068851574,0.49272457,1.1892204,0.90997016,-1.2406845,4.7480865,0.1255829
0.25400001206435263,0.0008567271,0.00088173745,-14.87393,0.006656276,0.006917947,0.4926959,0.9506663,1.2820777,-1.1210258,4.7475495,0.12607601
0.2550000121118501,0.0008634259,0.00088869204,-14.873437,0.0066846176,0.0069423853,0.49266306,1.1081568,0.95553905,-1.2840018,4.746931,0.12656914
0.25600001215934753,0.0008701561,0.0008956757,-14.872944,0.006715029,0.0069698966,0.4926331,1.189093,1.0756947,-1.1707442,4.7463694,0.12706226
0.257000012206845,0.0008769102,0.00090268685,-14.872451,0.0067410674,0.006997414,0.49260563,1.0181009,1.0759246,-1.0749586,4.7458544,0.12755539
0.25800001225434244,0.0008836979,0.0009097243,-14.871958,0.0067721275,0.0070240763,0.49257934,1.2144512,1.0425062,-1.0274825,4.7453637,0.12804851
0.2590000123018399,0.0008905067,0.0009167894,-14.871466,0.006796594,0.0070514614,0.49255136,0.9566309,1.0707543,-1.0947506,4.7448387,0.12854066
0.26000001234933734,0.0008973465,0.0009238833,-14.870974,0.0068253805,0.007079763,0.4925253,1.1255671,1.1065848,-1.0187203,4.7443523,0.12903285
0.2610000123968348,0.00090421294,0.0009310083,-14.8704815,0.006852792,0.0071099387,0.49249905,1.071789,1.1798804,-1.0264751,4.7438626,0.129525
0.26200001244433224,0.00091110845,0.0009381579,-14.869989,0.0068812715,0.007136363,0.49247065,1.1135451,1.0331992,-1.1100652,4.7433305,0.13001718
0.2630000124918297,0.0009180288,0.0009453337,-14.869497,0.0069073183,0.0071626334,0.4924404,1.0184312,1.0271714,-1.182467,4.7427626,0.13050935
0.26400001253932714,0.00092498015,0.00095253816,-14.869005,0.006936662,0.00719052,0.4924138,1.1473333,1.0903711,-1.0401859,4.742266,0.13100152
0.2650000125868246,0.00093195064,0.0009597707,-14.868513,0.0069592167,0.007218523,0.49238634,0.88188255,1.0949223,-1.0735421,4.7417517,0.1314937
0.26600001263432205,0.0009389504,0.000967036,-14.868021,0.006986251,0.0072496976,0.49236038,1.0570457,1.2189357,-1.0147367,4.741268,0.13198587
0.2670000126818195,0.0009459804,0.0009743306,-14.867529,0.0070154215,0.0072796424,0.49233314,1.1405649,1.1708337,-1.0655019,4.7407603,0.13247804
0.26800001272931695,0.00095304346,0.0009816583,-14.867037,0.0070471577,0.0073117265,0.49230585,1.240895,1.2544949,-1.0672983,4.7402525,0.13297021
0.2690000127768144,0.00096013007,0.0009890132,-14.866545,0.0070734667,0.0073404955,0.49227816,1.0286832,1.1248744,-1.0827624,4.739735,0.1334624
0.27000001282431185,0.0009672396,0.0009963921,-14.866053,0.0070975176,0.0073660086,0.492254,0.94039416,0.99755436,-0.9454166,4.739284,0.13395457
0.2710000128718093,0.00097437575,0.0010037961,-14.865561,0.0071232757,0.007391334,0.49222723,1.0071394,0.9902192,-1.0466588,4.738783,0.13444676
0.27200001291930676,0.000981544,0.0010112296,-14.865068,0.0071532363,0.007419408,0.49219716,1.1714542,1.097681,-1.1753815,4.738221,0.13493893
0.2730000129668042,0.0009887416,0.0010186858,-14.864576,0.0071827974,0.007443888,0.4921696,1.1558431,0.95718443,-1.0773419,4.737706,0.1354311
0.27400001301430166,0.0009959645,0.0010261743,-14.864084,0.007209541,0.0074736085,0.49214134,1.0456594,1.1620657,-1.1046382,4.737179,0.13592328
0.2750000130617991,0.0010032125,0.0010336933,-14.863592,0.00723523,0.007503916,0.4921116,1.0044464,1.1850334,-1.1626545,4.7366223,0.13641545
0.27600001310929656,0.0010104831,0.0010412459,-14.8631,0.0072588134,0.007536332,0.4920846,0.9221111,1.2674693,-1.0554788,4.7361193,0.13690764
0.277000013156794,0.001017779,0.001048823,-14.862608,0.0072834915,0.007563484,0.4920515,0.964909,1.0616311,-1.2939719,4.7354975,0.13739982
0.27800001320429146,0.0010251016,0.0010564238,-14.862116,0.007309546,0.007588302,0.4920248,1.0187407,0.970379,-1.044517,4.7349987,0.137892
0.2790000132517889,0.0010324549,0.0010640536,-14.861624,0.007338731,0.007615961,0.49199176,1.1411273,1.0814794,-1.292701,4.7343793,0.13838418
0.28000001329928637,0.0010398243,0.0010717135,-14.861132,0.0073592244,0.0076452675,0.49196383,0.80129623,1.1458737,-1.0917498,4.7338567,0.13887636
0.2810000133467838,0.0010472266,0.0010793997,-14.86064,0.0073879124,0.007672562,0.49193516,1.1216968,1.0672123,-1.1214875,4.7333217,0.13936855
0.28200001339428127,0.001054646,0.0010871205,-14.860147,0.007408919,0.007704753,0.49190784,0.8213474,1.2586801,-1.0682037,4.732812,0.13986072
0.2830000134417787,0.0010620891,0.0010948643,-14.859655,0.007431739,0.00773078,0.49187806,0.89226663,1.0176623,-1.1645378,4.7322536,0.1403529
0.28400001348927617,0.0010695667,0.001102636,-14.859163,0.0074623423,0.0077580833,0.49184635,1.1965785,1.0675592,-1.2397362,4.7316613,0.14084509
0.2850000135367736,0.0010770672,0.0011104363,-14.858671,0.007487805,0.0077862125,0.49182,0.9955988,1.0998598,-1.029833,4.73117,0.14133728
0.2860000135842711,0.0010845951,0.0011182596,-14.858179,0.007514535,0.007810998,0.49179143,1.0451384,0.9691039,-1.117499,4.730636,0.14182946
0.2870000136317685,0.0010921432,0.0011261081,-14.857687,0.0075369263,0.007835979,0.49176598,0.8754983,0.9767381,-0.9950135,4.730161,0.14232165
0.288000013679266,0.0010997211,0.0011339763,-14.857195,0.0075642564,0.0078574,0.49173856,1.0686111,0.8375691,-1.0719469,4.7296486,0.14281385
0.2890000137267634,0.001107324,0.0011418746,-14.856703,0.0075900317,0.007884641,0.4917114,1.0078117,1.0651313,-1.0614469,4.729142,0.14330602
0.2900000137742609,0.0011149577,0.0011498008,-14.856211,0.007619147,0.007912441,0.49168983,1.1384087,1.0869913,-0.8431697,4.728745,0.14379822
0.29100001382175833,0.0011226127,0.0011577576,-14.855719,0.007643021,0.0079419855,0.49165773,0.93347543,1.1551708,-1.2548214,4.728144,0.1442904
0.2920000138692558,0.0011302949,0.0011657494,-14.8552265,0.0076691476,0.007975177,0.4916245,1.0215349,1.2977941,-1.2988135,4.727524,0.14478259
0.29300001391675323,0.0011380084,0.0011737657,-14.854735,0.0076987525,0.00800259,0.4915971,1.1575445,1.0718702,-1.072555,4.7270136,0.14527382
0.2940000139642507,0.0011457428,0.0011818109,-14.854244,0.007722505,0.008030942,0.49156734,0.92871666,1.1085496,-1.1624613,4.726458,0.14576507
0.29500001401174814,0.0011535017,0.0011898847,-14.853753,0.007746748,0.008059597,0.49153882,0.9479088,1.1204127,-1.1146337,4.7259264,0.1462563
0.2960000140592456,0.0011612865,0.001197989,-14.853262,0.0077721556,0.00808935,0.49150786,0.99342316,1.1633434,-1.2108426,4.7253485,0.14674754
0.29700001410674304,0.0011690978,0.0012061164,-14.852771,0.0077982964,0.008114723,0.49147815,1.0221148,0.9920924,-1.1620142,4.7247934,0.14723878
0.2980000141542405,0.0011769251,0.0012142689,-14.85228,0.007817583,0.008139837,0.49144867,0.75412667,0.9819597,-1.1519959,4.724241,0.14773001
0.29900001420173794,0.0011847825,0.0012224428,-14.8517885,0.007844042,0.008162566,0.49141982,1.0345321,0.888749,-1.1275027,4.723702,0.14822125
0.3000000142492354,0.0011926743,0.0012306466,-14.851297,0.007875838,0.008189997,0.4913912,1.2432199,1.0725251,-1.118428,4.723171,0.1487125
0.30100001429673284,0.0012005861,0.0012388733,-14.850806,0.007899861,0.0082145445,0.49136344,0.9392783,0.9598106,-1.0854818,4.722653,0.14920373
0.3020000143442303,0.0012085276,0.0012471243,-14.850315,0.007927618,0.008238862,0.49133283,1.0853196,0.9508103,-1.1962869,4.7220807,0.14969498
0.30300001439172775,0.0012164874,0.0012553988,-14.849824,0.007949113,0.008262673,0.49130684,0.84045494,0.93101144,-1.0155802,4.721596,0.15018623
0.3040000144392252,0.0012244752,0.0012637003,-14.849333,0.007974962,0.00828858,0.49127766,1.0106925,1.0129411,-1.1407986,4.721052,0.15067746
0.30500001448672265,0.0012324871,0.0012720379,-14.848842,0.007999649,0.00832126,0.49124777,0.9652915,1.2777915,-1.1682426,4.720496,0.1511687
0.3060000145342201,0.0012405298,0.0012803941,-14.848351,0.00802831,0.008344612,0.49121937,1.120629,0.91305256,-1.1105982,4.719967,0.15165995
0.30700001458171755,0.0012485966,0.0012887806,-14.847859,0.00805394,0.008372458,0.4911899,1.0021223,1.0887733,-1.1528395,4.719418,0.1521512
0.308000014629215,0.001256688,0.0012971921,-14.847368,0.008078943,0.00839845,0.4911607,0.9776145,1.0163063,-1.1416795,4.718874,0.15264244
0.30900001467671245,0.0012648037,0.001305628,-14.846877,0.008103442,0.008423464,0.49112743,0.95792836,0.9780561,-1.3006172,4.7182508,0.15313369
0.3100000147242099,0.0012729571,0.0013140885,-14.846386,0.008136709,0.008448159,0.49109903,1.3007448,0.9655775,-1.1110772,4.7177243,0.15362494
0.31100001477170736,0.0012811237,0.001322584,-14.845895,0.008156676,0.008479712,0.4910727,0.7806915,1.2337089,-1.0284125,4.7172356,0.15411618
0.3120000148192048,0.0012893156,0.0013311014,-14.845404,0.008180128,0.008504814,0.49104655,0.9170042,0.9814846,-1.0234255,4.7167497,0.15460743
0.31300001486670226,0.001297536,0.0013396436,-14.844913,0.0082069505,0.008529694,0.49101987,1.048747,0.97281367,-1.0433574,4.716254,0.15509869
0.3140000149141997,0.0013057846,0.0013482159,-14.844421,0.008234707,0.008558072,0.4909879,1.0852542,1.1096057,-1.2507298,4.7156587,0.15558994
0.31500001496169716,0.0013140658,0.001356814,-14.84393,0.008265673,0.008584829,0.49096048,1.2107809,1.0462015,-1.072605,4.7151513,0.15608118
0.3160000150091946,0.0013223757,0.0013654418,-14.843439,0.008295154,0.008613396,0.49092937,1.1527252,1.1169927,-1.2165773,4.714573,0.15657243
0.31700001505669206,0.0013307119,0.0013740993,-14.842948,0.00832249,0.008642815,0.49090433,1.0688345,1.1502657,-0.97915906,4.7141113,0.15706368
0.3180000151041895,0.0013390697,0.0013827784,-14.842457,0.008345991,0.0086669745,0.49087486,0.9189034,0.9446248,-1.1523293,4.7135615,0.15755494
0.31900001515168697,0.0013474617,0.0013914861,-14.841966,0.008376638,0.008694105,0.49084264,1.1982814,1.0608122,-1.2593223,4.712962,0.15804619
0.3200000151991844,0.0013558841,0.0014002208,-14.841475,0.008407108,0.008721188,0.49081078,1.1913567,1.0589241,-1.2459332,4.71237,0.15853745
0.32100001524668187,0.0013643331,0.001408987,-14.840983,0.008434957,0.008751176,0.4907822,1.0889206,1.1725694,-1.1177833,4.711841,0.1590287
0.3220000152941793,0.0013728004,0.0014177804,-14.840492,0.008456532,0.008779345,0.49075225,0.8435736,1.1013927,-1.1715033,4.711283,0.15951996
0.32300001534167677,0.0013812943,0.0014266007,-14.840001,0.008481474,0.008806674,0.49072626,0.9752354,1.0685562,-1.0164032,4.710802,0.16001122
0.3240000153891742,0.0013898213,0.001435448,-14.83951,0.00851177,0.008833692,0.49069732,1.1845855,1.0564338,-1.1314577,4.7102666,0.16050248
0.3250000154366717,0.0013983743,0.0014443215,-14.839019,0.008539266,0.008860262,0.49066928,1.0750996,1.0388812,-1.0963482,4.709747,0.16099373
0.3260000154841691,0.0014069601,0.0014532174,-14.838529,0.008570272,0.008884039,0.4906445,1.2123084,0.9296735,-0.96858746,4.7092905,0.16148405
0.3270000155316666,0.0014155692,0.0014621445,-14.838038,0.0085962005,0.008912815,0.49061552,1.0138109,1.1251385,-1.1343293,4.7087526,0.16197434
0.32800001557916403,0.0014241964,0.0014711048,-14.837548,0.008616846,0.008944459,0.49058864,0.80723655,1.2372967,-1.0505438,4.708255,0.16246465
0.3290000156266615,0.0014328517,0.0014800862,-14.837058,0.00864248,0.00896912,0.49056107,1.0022906,0.96421134,-1.0783585,4.707743,0.16295496
0.33000001567415893,0.001441541,0.0014891006,-14.836568,0.008673709,0.008999289,0.4905326,1.2210463,1.1796055,-1.1130748,4.7072186,0.16344526
0.3310000157216564,0.0014502611,0.0014981356,-14.836078,0.008704563,0.009023102,0.49049953,1.2063657,0.9310976,-1.2937473,4.706603,0.16393557
0.33200001576915383,0.0014590075,0.0015072038,-14.8355875,0.008732472,0.009053114,0.49046928,1.0912491,1.173454,-1.1826146,4.7060432,0.16442588
0.3330000158166513,0.0014677806,0.0015162957,-14.835097,0.008759561,0.009079037,0.49044493,1.0591947,1.0136015,-0.95176053,4.7055945,0.16491619
0.33400001586414874,0.0014765797,0.0015254136,-14.834607,0.008785938,0.009104936,0.49041915,1.0313241,1.0126747,-1.008357,4.7051187,0.1654065
0.3350000159116462,0.0014854027,0.00153456,-14.834117,0.008810613,0.009132534,0.49039096,0.964816,1.079083,-1.1028321,4.7045965,0.16589682
0.33600001595914364,0.0014942538,0.0015437339,-14.833627,0.008837515,0.009160101,0.49036193,1.0518401,1.0778683,-1.1350353,4.7040586,0.16638713
0.3370000160066411,0.0015031303,0.0015529359,-14.833137,0.008863508,0.009188106,0.49033332,1.0163326,1.0950011,-1.1187268,4.7035294,0.16687743
0.33800001605413854,0.0015120379,0.0015621673,-14.832646,0.008892936,0.009216997,0.49030396,1.1506304,1.129605,-1.1476389,4.702987,0.16736776
0.339000016101636,0.0015209671,0.0015714284,-14.832156,0.008917108,0.009246406,0.49027747,0.94514537,1.1499047,-1.035449,4.7024984,0.16785806
0.34000001614913344,0.0015299282,0.0015807108,-14.831666,0.008946391,0.009270328,0.49024847,1.1449444,0.9353451,-1.1338431,4.7019615,0.16834839
0.3410000161966309,0.001538917,0.0015900224,-14.831176,0.008974641,0.009297885,0.49021873,1.1045516,1.0774624,-1.1632878,4.7014112,0.1688387
0.34200001624412835,0.0015479401,0.0015993586,-14.830686,0.009006945,0.009323487,0.49018982,1.2631203,1.0010493,-1.1306303,4.700878,0.16932902
0.3430000162916258,0.0015569873,0.0016087204,-14.830195,0.009033798,0.009349013,0.49015915,1.0499405,0.99806464,-1.1996257,4.700309,0.16981933
0.34400001633912325,0.0015660552,0.0016181141,-14.829705,0.00905652,0.009378825,0.4901319,0.8884119,1.1656595,-1.0648152,4.6998057,0.17030965
0.3450000163866207,0.0015751516,0.0016275288,-14.829215,0.009083017,0.009402705,0.49010116,1.0360523,0.93370605,-1.2028176,4.6992345,0.17079997
0.34600001643411815,0.0015842769,0.0016369671,-14.828725,0.009111207,0.009426404,0.49007106,1.102226,0.9266194,-1.17681,4.6986766,0.1712903
0.3470000164816156,0.0015934332,0.0016464328,-14.828235,0.0091412505,0.009452605,0.49004197,1.1747178,1.0244694,-1.1373942,4.6981397,0.1717806
0.34800001652911305,0.0016026212,0.001655922,-14.8277445,0.009172411,0.009477018,0.4900086,1.2183741,0.95458895,-1.3048494,4.69752,0.17227092
0.3490000165766105,0.0016118322,0.0016654436,-14.827254,0.00919814,0.009506733,0.4899838,1.0060383,1.1618336,-0.9696642,4.6970654,0.17276125
0.35000001662410796,0.0016210688,0.0016749918,-14.826764,0.009223792,0.009534348,0.48995176,1.0029681,1.0797453,-1.2526523,4.696471,0.17325157
0.3510000166716054,0.0016303267,0.0016845695,-14.826274,0.009246521,0.009563252,0.48992375,0.88870984,1.130183,-1.0953043,4.6959534,0.1737419
0.35200001671910286,0.001639611,0.0016941779,-14.825784,0.00927172,0.009593328,0.48989654,0.9853083,1.1759737,-1.0641328,4.695452,0.17423223
0.3530000167666003,0.001648927,0.0017038186,-14.825294,0.009301224,0.009624927,0.48986715,1.1535759,1.2355266,-1.1483749,4.6949124,0.17472255
0.35400001681409776,0.0016582676,0.0017134843,-14.824803,0.009327454,0.009652145,0.48983717,1.0255777,1.0642244,-1.1721818,4.694358,0.17521288
0.3550000168615952,0.0016676311,0.0017231734,-14.824313,0.009351531,0.009676761,0.48981053,0.9414229,0.9624669,-1.0420411,4.693866,0.1757032
0.35600001690909266,0.0016770206,0.0017328922,-14.823823,0.009376808,0.009704793,0.48977676,0.9883138,1.0960438,-1.3198524,4.693239,0.17619352
0.3570000169565901,0.0016864301,0.0017426354,-14.823333,0.009398583,0.0097303325,0.4897507,0.8513974,0.99861467,-1.0178703,4.692758,0.17668386
0.35800001700408757,0.001695867,0.0017524117,-14.822843,0.009424114,0.009760986,0.48972395,0.9982495,1.1985394,-1.0459024,4.6922665,0.17717418
0.359000017051585,0.001705332,0.0017622059,-14.822353,0.009451322,0.0097830715,0.48969647,1.0638547,0.8635361,-1.0741233,4.6917586,0.17766356
0.36000001709908247,0.0017148245,0.0017720326,-14.821864,0.009478728,0.0098122265,0.4896657,1.0715919,1.1399739,-1.2036669,4.6911907,0.17815293
0.3610000171465799,0.0017243514,0.0017818828,-14.821375,0.009510903,0.0098376,0.48963425,1.2580036,0.99211484,-1.2297473,4.6906104,0.17864232
0.3620000171940774,0.0017339102,0.0017917635,-14.820886,0.009542836,0.00986634,0.48960698,1.2485806,1.1237315,-1.0657983,4.690111,0.1791317
0.3630000172415748,0.001743491,0.00180167,-14.820396,0.009568194,0.009893142,0.4895801,0.991499,1.047935,-1.0512766,4.6896167,0.17962107
0.3640000172890723,0.001753088,0.0018116096,-14.819907,0.009587332,0.009924155,0.4895499,0.74828607,1.2126001,-1.1803967,4.689058,0.18011045
0.3650000173365697,0.0017627144,0.001821571,-14.819418,0.009613337,0.009949023,0.48952034,1.0168091,0.97234935,-1.1559522,4.6885114,0.18059984
0.3660000173840672,0.0017723694,0.0018315563,-14.818929,0.009641158,0.009973235,0.4894894,1.0878041,0.9467185,-1.21005,4.687939,0.18108922
0.36700001743156463,0.0017820522,0.0018415691,-14.8184395,0.009668975,0.009999617,0.4894641,1.0876304,1.0315071,-0.9897139,4.6874757,0.1815786
0.3680000174790621,0.0017917588,0.0018516106,-14.81795,0.00969401,0.010027533,0.48943523,0.9788653,1.0915347,-1.1294485,4.6869435,0.18206799
0.36900001752655953,0.0018014959,0.0018616727,-14.817461,0.009722745,0.01005063,0.48941007,1.123535,0.9030689,-0.98364913,4.686482,0.18255737
0.370000017574057,0.001811255,0.0018717624,-14.816972,0.009746975,0.010076643,0.48938242,0.9473904,1.0171043,-1.0809081,4.685972,0.18304676
0.37100001762155443,0.0018210403,0.0018818771,-14.816483,0.0097724935,0.010101968,0.48935032,0.9977651,0.99022526,-1.2545816,4.6853776,0.18353614
0.3720000176690519,0.001830842,0.0018920186,-14.815993,0.009791949,0.010128358,0.4893202,0.7607194,1.0318468,-1.1786511,4.684819,0.18402553
0.37300001771654934,0.0018406755,0.001902186,-14.815504,0.009819608,0.010154374,0.48929346,1.0814846,1.0172104,-1.0455688,4.684329,0.18451491
0.3740000177640468,0.0018505304,0.0019123795,-14.815015,0.009843123,0.010180476,0.48926485,0.91942847,1.0205917,-1.1182252,4.6838007,0.18500431
0.37500001781154424,0.0018604158,0.0019226029,-14.814526,0.009871342,0.010209093,0.4892402,1.1033807,1.11893,-0.9634166,4.6833515,0.18549368
0.3760000178590417,0.0018703234,0.0019328559,-14.814036,0.009895588,0.010238434,0.48921424,0.9480325,1.147259,-1.015012,4.682876,0.18598309
0.37700001790653914,0.0018802596,0.0019431381,-14.813547,0.009922658,0.010267643,0.48918384,1.0584451,1.1420766,-1.1888288,4.682317,0.18647248
0.3780000179540366,0.0018902249,0.0019534398,-14.813058,0.009951067,0.010290296,0.48915374,1.1107918,0.88571155,-1.1769742,4.6817617,0.18696186
0.37900001800153404,0.0019002173,0.0019637735,-14.812569,0.009978644,0.010319293,0.48912024,1.0782238,1.1337587,-1.3098644,4.6811433,0.18745124
0.3800000180490315,0.0019102328,0.0019741363,-14.812079,0.010003255,0.01034829,0.4890894,0.96231043,1.1338013,-1.206285,4.680575,0.18794064
0.38100001809652895,0.0019202755,0.001984526,-14.81159,0.01002953,0.010375951,0.48905998,1.0273781,1.0815398,-1.149643,4.6800337,0.18843004
0.3820000181440264,0.001930345,0.0019949402,-14.811101,0.010056144,0.010401468,0.48903146,1.0406048,0.9976779,-1.1151109,4.679509,0.18891944
0.38300001819152385,0.0019404438,0.002005387,-14.810612,0.010084612,0.010431834,0.48900476,1.1131381,1.1872853,-1.0445766,4.6790223,0.18940882
0.3840000182390213,0.0019505699,0.0020158596,-14.8101225,0.010112279,0.010458978,0.48897737,1.0817767,1.0613527,-1.0707699,4.6785207,0.18989822
0.38500001828651875,0.0019607253,0.0020263626,-14.809633,0.010140994,0.010488422,0.48894873,1.1227503,1.1512476,-1.1192431,4.677996,0.19038762
0.3860000183340162,0.0019708972,0.002036897,-14.809144,0.010161672,0.0105190845,0.48891744,0.808508,1.1989022,-1.223373,4.677419,0.19087702
0.38700001838151366,0.001981092,0.002047465,-14.808655,0.010183758,0.01055171,0.48889205,0.8635862,1.2756453,-0.9926914,4.6769557,0.19136642
0.3880000184290111,0.0019913188,0.0020580527,-14.808166,0.010212531,0.010575721,0.4888631,1.1250491,0.9388511,-1.131291,4.676424,0.19185582
0.38900001847650856,0.0020015663,0.0020686656,-14.807676,0.010236041,0.010600489,0.48884037,0.9192058,0.9683987,-0.88887,4.676009,0.19234522
0.390000018524006,0.002011842,0.0020793027,-14.807187,0.010262517,0.010624904,0.48881245,1.0352244,0.9546645,-1.0922074,4.675496,0.19283463
0.39100001857150346,0.0020221458,0.002089968,-14.806698,0.010289952,0.010651833,0.4887794,1.0727009,1.0529158,-1.292274,4.6748867,0.19332403
0.3920000186190009,0.0020324735,0.0021006532,-14.80621,0.010315211,0.010674006,0.48874435,0.98758924,0.8669449,-1.3698349,4.6742363,0.19381247
0.39300001866649836,0.002042828,0.0021113679,-14.805721,0.010341401,0.010701086,0.4887148,1.0240562,1.0588232,-1.1549147,4.6736937,0.19430093
0.3940000187139958,0.0020532077,0.00212212,-14.805233,0.010366981,0.010735112,0.48868734,1.000177,1.3304031,-1.0746653,4.673193,0.19478938
0.39500001876149327,0.002063618,0.0021328942,-14.804745,0.010395856,0.010761282,0.48865566,1.1290112,1.0232558,-1.2384452,4.6726108,0.19527782
0.3960000188089907,0.002074053,0.0021437004,-14.804256,0.010422028,0.010791288,0.48862848,1.0233363,1.1732157,-1.0631112,4.672115,0.19576629
0.39700001885648817,0.00208451,0.002154534,-14.803768,0.010445168,0.010819472,0.48860148,0.9047997,1.1020356,-1.0556267,4.6716204,0.19625473
0.3980000189039856,0.0020949894,0.0021653918,-14.80328,0.010467962,0.010844952,0.48856768,0.8912642,0.9962856,-1.3215915,4.6709948,0.1967432
0.39900001895148307,0.0021054985,0.0021762731,-14.802792,0.010495224,0.010869163,0.48853797,1.0659325,0.946639,-1.1617125,4.670449,0.19723165
0.4000000189989805,0.0021160354,0.002187175,-14.802303,0.010523031,0.01089085,0.48851115,1.0872171,0.84794515,-1.0486141,4.6699567,0.19772011
0.401000019046478,0.0021265994,0.0021981017,-14.801815,0.010550316,0.010914828,0.48847783,1.066871,0.93753844,-1.3022082,4.669342,0.19820857
0.4020000190939754,0.0021371902,0.0022090487,-14.801327,0.01057728,0.0109362,0.4884468,1.0542881,0.8356369,-1.2127062,4.6687694,0.19869703
0.4030000191414729,0.0021478098,0.0022200276,-14.800838,0.010605548,0.010964726,0.4884177,1.1052717,1.1153826,-1.1376089,4.668238,0.19918548
0.4040000191889703,0.002158455,0.0022310342,-14.80035,0.010631934,0.01099268,0.48838788,1.0317065,1.0929848,-1.1659285,4.667691,0.19967395
0.4050000192364678,0.0021691276,0.0022420674,-14.799862,0.010659005,0.011019656,0.4883545,1.0584681,1.0547929,-1.3049908,4.667077,0.2001624
0.40600001928396523,0.0021798215,0.0022531312,-14.799374,0.010682229,0.011049217,0.48832563,0.9080749,1.1558,-1.1286684,4.666548,0.20065087
0.4070000193314627,0.0021905412,0.0022642305,-14.798885,0.010707238,0.011082567,0.4882941,0.97784853,1.3040018,-1.2325662,4.665971,0.20113933
0.40800001937896013,0.0022012878,0.0022753598,-14.798397,0.010733511,0.011113666,0.4882588,1.0273134,1.2159746,-1.3793292,4.6653214,0.20162779
0.4090000194264576,0.002212059,0.0022865178,-14.797909,0.010758567,0.0111432215,0.4882302,0.9796541,1.1556332,-1.1190791,4.6647987,0.20211627
0.41000001947395504,0.0022228565,0.0022976995,-14.7974205,0.010784494,0.011168771,0.48819548,1.0137469,0.99898547,-1.3577398,4.664158,0.20260473
0.4110000195214525,0.0022336754,0.0023089016,-14.796932,0.010807451,0.011191093,0.48816642,0.89760786,0.8728047,-1.1356634,4.663623,0.20309319
0.41200001956894994,0.0022445202,0.002320134,-14.796444,0.010832362,0.011218702,0.4881384,0.97400904,1.0795131,-1.095477,4.6631107,0.20358166
0.4130000196164474,0.0022553925,0.0023313863,-14.795956,0.010858934,0.011240971,0.48811108,1.0389969,0.8707242,-1.0684937,4.6626105,0.20407014
0.41400001966394484,0.0022662904,0.0023426663,-14.795467,0.0108848335,0.011267005,0.48808655,1.0126516,1.0179163,-0.959408,4.6621647,0.2045586
0.4150000197114423,0.0022772048,0.0023539716,-14.794979,0.010904611,0.011292628,0.48805764,0.77330685,1.0018804,-1.1302825,4.6616325,0.20504706
0.41600001975893974,0.0022881457,0.002365304,-14.794491,0.010928769,0.011319054,0.48802707,0.94455266,1.0332745,-1.195848,4.6610713,0.20553553
0.4170000198064372,0.0022991137,0.0023766682,-14.794003,0.010954909,0.011349187,0.4879966,1.0221,1.1782124,-1.1912042,4.660515,0.206024
0.41800001985393465,0.002310109,0.0023880622,-14.793514,0.01098198,0.011379056,0.4879707,1.0584791,1.1678469,-1.012047,4.660045,0.20651248
0.4190000199014321,0.002321131,0.0023994818,-14.793026,0.011008658,0.011406045,0.4879428,1.0431285,1.0553132,-1.0912328,4.659537,0.20700096
0.42000001994892955,0.0023321803,0.0024109299,-14.792538,0.011035792,0.011434152,0.48790964,1.0608895,1.0989689,-1.2968814,4.6589284,0.20748943
0.421000019996427,0.0023432537,0.002422402,-14.792049,0.01106082,0.01145944,0.48788074,0.97860205,0.988782,-1.1298246,4.6583986,0.2079779
0.42200002004392445,0.0023543444,0.0024339056,-14.791561,0.011080694,0.011488977,0.48785776,0.77708846,1.1548806,-0.8987489,4.6579823,0.20846638
0.4230000200914219,0.0023654662,0.002445439,-14.791073,0.011108226,0.011518593,0.4878322,1.0764823,1.1579833,-0.99927795,4.65752,0.20895486
0.42400002013891935,0.002376612,0.0024569996,-14.790585,0.011133185,0.011546508,0.48780665,0.9758955,1.0915111,-0.9982275,4.6570563,0.20944333
0.4250000201864168,0.0023877893,0.002468589,-14.790097,0.011162702,0.011575136,0.48777753,1.1541302,1.1193547,-1.1379869,4.6565266,0.20993085
0.42600002023391426,0.0023989903,0.0024802072,-14.78961,0.011188284,0.011603807,0.48775002,1.0002466,1.1210414,-1.0756406,4.656026,0.21041837
0.4270000202814117,0.0024102228,0.0024918513,-14.789123,0.011217755,0.011630702,0.48771963,1.1523318,1.0515814,-1.1881294,4.655472,0.21090591
0.42800002032890916,0.0024214783,0.0025035234,-14.788635,0.01124284,0.011658319,0.48769084,0.98084295,1.0798528,-1.125103,4.6549463,0.21139343
0.4290000203764066,0.0024327624,0.0025152168,-14.788148,0.01127047,0.01168181,0.4876622,1.0803081,0.91850257,-1.1202017,4.6544228,0.21188098
0.43000002042390406,0.002444074,0.002526935,-14.787661,0.011297775,0.011705962,0.4876344,1.0676489,0.94434285,-1.0872123,4.653916,0.2123685
0.4310000204714015,0.0024554061,0.0025386848,-14.787173,0.011320593,0.011735193,0.4876044,0.89216924,1.1429543,-1.1724325,4.6533675,0.21285602
0.43200002051889896,0.0024667652,0.0025504516,-14.786686,0.011346299,0.011756243,0.48757306,1.005128,0.8230334,-1.2253277,4.6527915,0.21334356
0.4330000205663964,0.0024781625,0.0025622477,-14.786199,0.011380401,0.0117829265,0.4875397,1.3333824,1.043323,-1.3041575,4.6521826,0.2138311
0.43400002061389387,0.0024895829,0.0025740808,-14.785711,0.011407131,0.011816487,0.4875076,1.045141,1.3122134,-1.2553332,4.6515985,0.21431863
0.4350000206613913,0.0025010346,0.00258594,-14.785224,0.011436789,0.011844925,0.48747838,1.1596396,1.1119318,-1.1432991,4.6510673,0.21480617
0.43600002070888877,0.0025125071,0.0025978116,-14.784737,0.011460651,0.01186275,0.48745498,0.9329634,0.69698817,-0.9144598,4.65064,0.2152937
0.4370000207563862,0.0025240069,0.002609708,-14.784249,0.011486794,0.011885267,0.48742393,1.0222012,0.8804033,-1.2147832,4.650071,0.21578124
0.43800002080388367,0.0025355357,0.0026216297,-14.783762,0.011514858,0.011909415,0.4873958,1.0973347,0.9441869,-1.099453,4.649558,0.21626878
0.4390000208513811,0.002547093,0.0026335812,-14.783275,0.011543066,0.011937545,0.48736548,1.1029239,1.0998821,-1.1853907,4.649007,0.21675631
0.4400000208988786,0.0025586803,0.0026455608,-14.782787,0.011572534,0.011965578,0.48733672,1.1522113,1.0961201,-1.1247813,4.648485,0.21724385
0.441000020946376,0.002570288,0.002657567,-14.7823,0.011596019,0.011992546,0.48730794,0.9182588,1.0544305,-1.1256486,4.6479597,0.2177314
0.4420000209938735,0.002581924,0.0026695998,-14.781813,0.011622782,0.012019352,0.4872831,1.0464189,1.0481268,-0.971038,4.6475115,0.21821894
0.44300002104137093,0.0025935809,0.0026816605,-14.781325,0.011645554,0.012047001,0.4872534,0.8903619,1.0810797,-1.1616467,4.646969,0.21870649
0.4440000210888684,0.002605267,0.0026937514,-14.780838,0.011672718,0.012076282,0.4872216,1.062145,1.1448755,-1.2438434,4.6463895,0.21919402
0.44500002113636583,0.0026169817,0.0027058695,-14.780351,0.011700588,0.012104248,0.48718885,1.0897098,1.0934722,-1.2807677,4.645791,0.21968158
0.4460000211838633,0.0026287208,0.002718008,-14.779863,0.011726224,0.012127029,0.4871581,1.0023577,0.89072734,-1.2022136,4.645228,0.22016911
0.44700002123136073,0.0026404846,0.0027301763,-14.779376,0.011751232,0.012154724,0.48712978,0.9777975,1.0828923,-1.1066289,4.6447134,0.22065666
0.4480000212788582,0.0026522814,0.0027423715,-14.778889,0.011781729,0.012181651,0.48709974,1.1924415,1.0528268,-1.1745473,4.644168,0.22114421
0.44900002132635564,0.002664104,0.0027545956,-14.778401,0.011808985,0.012209975,0.48707098,1.065723,1.1074972,-1.1248689,4.6436462,0.22163175
0.4500000213738531,0.0026759552,0.002766854,-14.777914,0.011837132,0.012242265,0.48703375,1.1005658,1.2625322,-1.4556601,4.642966,0.2221193
0.45100002142135054,0.0026878305,0.0027791439,-14.777427,0.011862592,0.012274155,0.48700693,0.9954699,1.2469013,-1.0487902,4.6424823,0.22260687
0.452000021468848,0.0026997344,0.0027914545,-14.776939,0.0118901525,0.012298495,0.48698026,1.0776244,0.9516759,-1.0434452,4.641999,0.2230944
0.45300002151634544,0.002711663,0.0028037895,-14.776452,0.011915705,0.012322725,0.48695475,0.99909914,0.94739574,-0.9976936,4.6415367,0.22358195
0.4540000215638429,0.002723618,0.0028161493,-14.775965,0.011941887,0.012347463,0.48692855,1.0237443,0.9672566,-1.0236982,4.641062,0.2240695
0.45500002161134034,0.0027355994,0.0028285366,-14.775477,0.011968304,0.012374034,0.4869018,1.0328981,1.0389647,-1.0468462,4.6405773,0.22455707
0.4560000216588378,0.002747607,0.002840956,-14.77499,0.01199439,0.012404346,0.48687148,1.0199357,1.1851857,-1.1852212,4.640028,0.22504462
0.45700002170633525,0.0027596378,0.0028534029,-14.774504,0.012018789,0.012432622,0.48684695,0.954006,1.1055938,-0.9590881,4.639586,0.22553124
0.4580000217538327,0.0027716928,0.0028658796,-14.774017,0.012042839,0.012462142,0.48682144,0.9403895,1.1542248,-0.9970411,4.639126,0.22601783
0.45900002180133015,0.0027837798,0.0028783774,-14.773531,0.012072161,0.012486095,0.48679286,1.1464821,0.9365552,-1.1175624,4.6386075,0.22650443
0.4600000218488276,0.002795894,0.0028909103,-14.773045,0.012100127,0.012517189,0.48676184,1.0934755,1.2157669,-1.2125882,4.6380453,0.22699104
0.46100002189632505,0.0028080284,0.0029034738,-14.772558,0.012123051,0.012548069,0.48673663,0.8963508,1.2073917,-0.9857429,4.6375914,0.22747765
0.4620000219438225,0.0028201926,0.0029160618,-14.772072,0.012150455,0.012574789,0.48670772,1.071496,1.0447652,-1.1306869,4.6370673,0.22796427
0.46300002199131995,0.0028323801,0.0029286765,-14.771585,0.012175166,0.012601522,0.4866809,0.96617997,1.0452384,-1.0483385,4.636582,0.22845086
0.4640000220388174,0.0028446026,0.0029413216,-14.771099,0.012206613,0.0126305595,0.48665127,1.2295802,1.135382,-1.1580818,4.6360474,0.22893748
0.46500002208631486,0.0028568567,0.002953991,-14.770613,0.012238373,0.012656487,0.48661715,1.2418174,1.0137511,-1.3341781,4.635426,0.22942409
0.4660000221338123,0.0028691264,0.0029666852,-14.770126,0.012259158,0.012681619,0.48658344,0.8127214,0.9827049,-1.3180112,4.6348076,0.2299107
0.46700002218130976,0.0028814252,0.002979408,-14.76964,0.012285612,0.012708986,0.48655105,1.0343316,1.0700384,-1.2668569,4.6342173,0.23039731
0.4680000222288072,0.0028937478,0.0029921671,-14.769154,0.012310248,0.012742386,0.48652202,0.96327186,1.3059584,-1.1353631,4.6336937,0.23088393
0.46900002227630466,0.0029060931,0.003004958,-14.768667,0.012333707,0.012774687,0.48649114,0.91725314,1.2629558,-1.2070645,4.633134,0.23137054
0.4700000223238021,0.002918463,0.0030177694,-14.768181,0.012357765,0.012799175,0.48646688,0.9406729,0.9574965,-0.9490415,4.632696,0.23185717
0.47100002237129956,0.0029308535,0.0030306077,-14.767694,0.012379656,0.012825185,0.48643574,0.85593253,1.0169877,-1.2174004,4.6321273,0.23234378
0.472000022418797,0.0029432701,0.0030434649,-14.767208,0.012404301,0.012846429,0.48640767,0.9636518,0.83061576,-1.0978497,4.631616,0.2328304
0.47300002246629447,0.0029557073,0.0030563555,-14.766722,0.012426148,0.012875883,0.48638457,0.8542052,1.1516674,-0.9027991,4.631202,0.23331702
0.4740000225137919,0.0029681704,0.0030692734,-14.766235,0.012450939,0.012904017,0.48635802,0.9693169,1.1000695,-1.0380269,4.6307235,0.23380364
0.47500002256128937,0.0029806648,0.0030822214,-14.765749,0.012479874,0.012933336,0.48632875,1.1313705,1.146384,-1.1442455,4.6301956,0.23429026
0.4760000226087868,0.002993184,0.0030951942,-14.765263,0.012506105,0.012959666,0.48629832,1.025632,1.0294834,-1.1900756,4.6296434,0.23477688
0.4770000226562843,0.0030057342,0.0031081848,-14.764776,0.012535559,0.012980197,0.4862728,1.1516672,0.8027463,-0.9969646,4.6291833,0.2352635
0.4780000227037817,0.003018313,0.0031212089,-14.76429,0.012564357,0.013009505,0.48624602,1.1260204,1.1459804,-1.047073,4.6287026,0.23575014
0.4790000227512792,0.003030916,0.0031342576,-14.7638035,0.012590189,0.013035751,0.48621878,1.0100453,1.0262188,-1.0650946,4.6282105,0.23623677
0.4800000227987766,0.0030435466,0.0031473364,-14.763317,0.012617169,0.013064424,0.48618487,1.0548819,1.1211077,-1.3266202,4.627594,0.2367234
0.4810000228462741,0.0030562086,0.0031604455,-14.762831,0.012647085,0.013094206,0.48615357,1.1697065,1.1644951,-1.2233423,4.627029,0.23721002
0.48200002289377153,0.0030688934,0.0031735783,-14.762344,0.012672206,0.01312003,0.48612678,0.9822526,1.0097111,-1.0475456,4.6265454,0.23769665
0.483000022941269,0.0030815948,0.003186732,-14.761858,0.012691701,0.013142537,0.48609382,0.76221573,0.88004804,-1.289202,4.6259403,0.23818326
0.48400002298876643,0.0030943304,0.0031999096,-14.761372,0.012720866,0.013165977,0.4860673,1.1403553,0.91649866,-1.0365208,4.6254625,0.2386699
0.4850000230362639,0.003107086,0.003213117,-14.760885,0.012744062,0.0131935235,0.4860355,0.9069342,1.0770867,-1.2429911,4.6248846,0.23915653
0.48600002308376133,0.0031198678,0.0032263536,-14.760399,0.012769119,0.013222162,0.48600468,0.9797375,1.1197565,-1.2048645,4.624326,0.23964317
0.4870000231312588,0.0031326767,0.0032396147,-14.7599125,0.012795728,0.013248164,0.48597553,1.0403899,1.0166945,-1.1393917,4.623799,0.2401298
0.48800002317875624,0.0031455122,0.0032529088,-14.759426,0.0128222825,0.013278686,0.48594916,1.0382915,1.1934326,-1.0316317,4.623327,0.24061643
0.4890000232262537,0.0031583742,0.00326624,-14.75894,0.012848795,0.013313682,0.4859221,1.0366398,1.3683362,-1.0577055,4.622844,0.24110307
0.49000002327375114,0.0031712663,0.0032795984,-14.758454,0.01287773,0.013343536,0.48588625,1.1313442,1.1672949,-1.4023411,4.6221933,0.24158876
0.4910000233212486,0.0031841819,0.003292986,-14.757969,0.012903058,0.013372943,0.48585552,0.9903525,1.1497838,-1.2018743,4.6216373,0.24207444
0.49200002336874604,0.003197124,0.0033063968,-14.7574835,0.0129290065,0.013398304,0.48582476,1.014569,0.99159276,-1.2029655,4.62108,0.24256012
0.4930000234162435,0.0032100936,0.0033198313,-14.756998,0.012956176,0.013422446,0.48579982,1.0623137,0.94397587,-0.9751216,4.6206326,0.24304582
0.49400002346374094,0.0032230923,0.0033332966,-14.756513,0.012984495,0.013451055,0.48577252,1.1072595,1.118588,-1.067821,4.620143,0.24353151
0.4950000235112384,0.0032361236,0.0033467887,-14.756027,0.013015623,0.013478445,0.48574042,1.2171401,1.070958,-1.2545838,4.619564,0.2440172
0.49600002355873585,0.0032491756,0.0033603057,-14.755542,0.01303993,0.013504178,0.48570916,0.9503828,1.006184,-1.2224131,4.618996,0.24450289
0.4970000236062333,0.0032622595,0.003373849,-14.755056,0.013069346,0.013530183,0.485681,1.1501641,1.0167574,-1.1012725,4.61849,0.24498858
0.49800002365373075,0.0032753658,0.003387424,-14.754571,0.013093876,0.013560148,0.48565462,0.95914006,1.1716355,-1.0309217,4.6180177,0.24547426
0.4990000237012282,0.0032884951,0.003401028,-14.754086,0.013117482,0.013589278,0.48562503,0.9229979,1.1389807,-1.1574646,4.617483,0.24595997
