frame,vx,vy,vz
0,0.08456363528966904,0.054169103503227234,0.0235214252024889
1,0.02094085142016411,-0.27577605843544006,-0.055054109543561935
2,0.16729696094989777,0.016025535762310028,-0.08857393264770508
3,-0.13664653897285461,0.0756257027387619,-0.04894539341330528
4,0.2242038995027542,-0.019087139517068863,-0.08503294736146927
5,0.048993855714797974,0.1756787896156311,0.0009395094821229577
6,-0.12496358901262283,-0.12965238094329834,0.004491976462304592
7,-0.06292684376239777,0.042822401970624924,0.16852623224258423
8,-0.1916263848543167,-0.09073811769485474,0.16815157234668732
9,0.028167998418211937,0.014841992408037186,-0.036065179854631424
10,-0.15841664373874664,0.2593081295490265,0.012189782224595547
11,0.03523212671279907,0.0438065305352211,-0.1592506319284439
12,0.024084314703941345,-0.10412351787090302,-0.07586289942264557
13,0.11905518174171448,-0.09939220547676086,0.14714346826076508
14,0.019119152799248695,-0.2224721610546112,-0.059262715280056
15,-0.16590189933776855,0.049378469586372375,0.0004263966984581202
16,-0.09106838703155518,-0.02413162589073181,-0.012890448793768883
17,0.04410868138074875,0.0787496268749237,-0.04532340541481972
18,0.037089355289936066,-0.032323192805051804,-0.0029226168990135193
19,-0.15233513712882996,0.0357811413705349,-0.006232705898582935
20,-0.10654405504465103,0.10501087456941605,-0.2800772190093994
21,0.04998551309108734,0.06258053332567215,-0.24556365609169006
22,0.12781637907028198,0.006073751021176577,0.12632940709590912
23,-0.1935776174068451,-0.2235688418149948,0.11520346999168396
24,0.14246003329753876,0.025072380900382996,0.18514862656593323
25,0.1741904318332672,-0.08339375257492065,-0.14034272730350494
26,-0.012230345979332924,0.08738914132118225,-0.3628309965133667
27,0.13976961374282837,-0.005201956257224083,-0.18791988492012024
28,0.19472941756248474,-0.004191304091364145,0.012798361480236053
29,-0.010953707620501518,0.2393849492073059,0.19865000247955322
30,-0.21990418434143066,-0.1941899061203003,0.01215303223580122
31,0.07437964528799057,0.0035010413266718388,-0.003635516855865717
32,-0.07741125673055649,-0.09556844085454941,-0.0980876013636589
33,-0.06436004489660263,-0.2453799545764923,-0.23241114616394043
34,0.17788298428058624,0.05835696682333946,0.2787555754184723
35,0.015395176596939564,-0.259685754776001,0.2341245710849762
36,0.07009268552064896,0.03981707617640495,0.18262147903442383
37,0.05933422967791557,-0.052387043833732605,0.028620578348636627
38,-0.15401318669319153,0.07183510810136795,0.01878276653587818
39,0.019306696951389313,-0.014266547746956348,-0.08502563834190369
40,-0.003256378695368767,-0.1158580482006073,0.04287225753068924
41,-0.11535442620515823,0.0357145294547081,-0.11548764258623123
42,-0.06632162630558014,0.13376227021217346,0.007184668909758329
43,-0.08332281559705734,0.19319456815719604,-0.12499125301837921
44,0.14211821556091309,0.00187200796790421,0.03474665805697441
45,0.13624128699302673,0.09598793089389801,0.03613315895199776
46,0.18972499668598175,0.05754993110895157,-0.06502088159322739
47,0.01572764664888382,0.08262715488672256,0.11986179649829865
48,-0.0182610172778368,-0.019496958702802658,0.21546609699726105
49,0.14665745198726654,0.04407692328095436,-0.06299661844968796
50,0.08485633134841919,-0.008780923672020435,-0.003792794654145837
51,-0.0798032358288765,0.2195913940668106,-0.05312388390302658
52,0.05571628361940384,0.09485234320163727,0.007619913667440414
53,0.016951335594058037,-0.25287196040153503,0.035209719091653824
54,0.10181222856044769,-0.002021449152380228,-0.07823970913887024
55,0.092037633061409,-0.03699620068073273,0.1387314796447754
56,-0.0057800766080617905,-0.26475852727890015,0.010698103345930576
57,-0.11804679036140442,-0.05682468041777611,-0.03749101608991623
58,-0.08135968446731567,0.05855219066143036,-0.024212373420596123
59,0.10173910111188889,-0.042095985263586044,0.11344044655561447
60,-0.0004765928315464407,0.012847053818404675,-0.13747723400592804
61,0.004226892255246639,0.04922720044851303,0.12744414806365967
62,-0.26549869775772095,-0.16606560349464417,0.1106683760881424
63,0.1118466928601265,-0.20262965559959412,-0.15637463331222534
64,-0.05684012174606323,-0.05515553802251816,0.010935020633041859
65,0.1321314573287964,-0.05642619729042053,-0.019269909709692
66,-0.07471110671758652,0.21935045719146729,-0.013436490669846535
67,-0.23549458384513855,0.05149015784263611,-0.045999135822057724
68,0.3845534324645996,0.08370201289653778,-0.030248090624809265
69,-0.1501341462135315,-0.0706486627459526,-0.09280354529619217
70,0.004324707668274641,0.12392014265060425,-0.0025529551785439253
71,0.09759090840816498,-0.07441014051437378,0.021050985902547836
72,-0.04944799467921257,0.11583607643842697,0.09849429130554199
73,0.10520173609256744,-0.2990384101867676,-0.08638663589954376
74,-0.09678584337234497,0.02159884199500084,0.13839182257652283
75,-0.04008416831493378,0.05167459696531296,0.008556884713470936
76,-0.15762506425380707,0.024945389479398727,0.102414570748806
77,-0.2466610223054886,0.03723260760307312,0.16379861533641815
78,0.046739909797906876,0.017608318477869034,-0.060353852808475494
79,-0.135299950838089,0.02614428475499153,-0.08901714533567429
80,0.28246739506721497,0.05343872308731079,-0.02378547564148903
81,-0.14953608810901642,-0.05170441418886185,0.013044999912381172
82,0.11006268858909607,0.0031484300270676613,0.22927157580852509
83,0.15700313448905945,-0.2050141990184784,-0.22479772567749023
84,0.13725726306438446,-0.06440842896699905,0.19789664447307587
85,0.1429475098848343,0.06585797667503357,0.034345660358667374
86,0.3311689496040344,0.05323130264878273,0.025926286354660988
87,0.04610113799571991,0.06127214431762695,-0.06323671340942383
88,-0.11654631048440933,-0.13395273685455322,-0.15192531049251556
89,-0.1048140674829483,0.2238316684961319,-0.26805317401885986
90,0.05564328283071518,-0.0177483931183815,0.07521851360797882
91,-0.03344299644231796,-0.12167240679264069,0.09245365858078003
92,-0.0710565596818924,0.03515659645199776,-0.02253405749797821
93,-0.2508191466331482,-0.07549882680177689,-0.062150467187166214
94,-0.03281765058636665,0.03472519293427467,-0.0575069859623909
95,0.08562964200973511,0.028555840253829956,0.07198097556829453
96,0.27016890048980713,0.125210702419281,0.10722345113754272
97,0.2066330909729004,-0.171637624502182,0.10609033703804016
98,0.32116350531578064,0.04471106827259064,-0.008241211995482445
99,0.06206134334206581,-0.025176741182804108,0.15297454595565796
100,-0.08662296831607819,-0.05416273698210716,0.008945201523602009
101,-0.05100918561220169,-0.04001350700855255,0.10953641682863235
102,0.048752494156360626,-0.09840318560600281,0.07757572829723358
103,0.17941437661647797,0.10041825473308563,-0.25575515627861023
104,0.09480670839548111,0.18673820793628693,-0.1979254186153412
105,0.13952675461769104,-0.03684272617101669,-0.11497541517019272
106,-0.012916088104248047,0.097511887550354,0.1275758147239685
107,0.04838285595178604,0.13121281564235687,0.14371050894260406
108,0.08448291569948196,0.10923713445663452,0.019973013550043106
109,-0.12669098377227783,0.14653803408145905,0.1259472817182541
110,0.06739363074302673,-0.09736503660678864,0.18167194724082947
111,-0.06558365374803543,-0.29376301169395447,0.04957876726984978
112,-0.020276086404919624,0.07845175266265869,0.1709098219871521
113,0.0044261375442147255,-0.17971260845661163,-0.006669552531093359
114,0.1607087105512619,-0.09370263665914536,-0.2280944436788559
115,-0.036491136997938156,-0.051988355815410614,-0.028684446588158607
116,-0.139080211520195,-0.04656938835978508,0.10683389008045197
117,0.03808058053255081,0.03786453977227211,-0.07609524577856064
118,0.1918363720178604,-0.032094355672597885,0.16008833050727844
119,0.16048169136047363,-0.17121119797229767,0.0597313828766346
120,0.06072563678026199,0.11628954857587814,-0.09803986549377441
121,-0.179181307554245,-0.14885282516479492,0.10902176797389984
122,-0.06712149828672409,-0.03728826716542244,0.1111568808555603
123,0.11359700560569763,0.176103413105011,-0.04169614985585213
124,0.006935549434274435,-0.015651507303118706,0.05210211127996445
125,0.038817957043647766,-0.003996971994638443,0.022853102535009384
126,0.016569379717111588,0.09698409587144852,-0.1279422640800476
127,-0.043781135231256485,-0.018115511164069176,0.03035183809697628
128,-0.22307617962360382,0.23047956824302673,-0.059380024671554565
129,0.01326141506433487,-0.08174122124910355,0.056883879005908966
130,0.20525620877742767,0.07749185711145401,0.13976271450519562
131,0.027045227587223053,-0.025978123769164085,0.00471683032810688
132,-0.12256686389446259,-0.045910753309726715,0.12299328297376633
133,0.2414754033088684,0.06994739174842834,0.04284069687128067
134,-0.008812843821942806,0.04424212500452995,-0.05841325595974922
135,-0.22876067459583282,-0.018443681299686432,-0.0829976499080658
136,0.08157133311033249,-0.19985553622245789,0.14581987261772156
137,0.18836256861686707,0.27553433179855347,-0.12623262405395508
138,0.08180003613233566,-0.08484381437301636,-0.07494336366653442
139,-0.1332544982433319,0.021451523527503014,0.13819855451583862
140,-0.12771417200565338,0.06278042495250702,0.0664980486035347
141,0.03515857458114624,0.01028023473918438,0.08526614308357239
142,0.17872275412082672,0.11675634980201721,-0.12728257477283478
143,-0.013501843437552452,0.010139590129256248,-0.06197826564311981
144,-0.06206512451171875,-0.07853725552558899,0.19349133968353271
145,-0.2120998352766037,0.25146377086639404,-0.029426705092191696
146,0.248064324259758,0.013268044218420982,0.07844596356153488
147,-0.05851951241493225,0.1251009851694107,0.2065262794494629
148,0.08112899214029312,-0.003962354268878698,0.014444380067288876
149,-0.10712415724992752,-0.16873982548713684,-0.008497943170368671
150,-0.13889257609844208,0.12219544500112534,-0.31368449330329895
151,-0.11721860617399216,0.12191898375749588,-0.0971246063709259
152,-0.026468606665730476,0.0609598234295845,-0.06400631368160248
153,-0.10600325465202332,-0.18420565128326416,-0.07373881340026855
154,-0.2208898663520813,0.02968081831932068,0.10757739841938019
155,0.031190412119030952,-0.03638206794857979,0.03455936908721924
156,0.11013385653495789,-0.04568831995129585,0.14499780535697937
157,0.3011649549007416,0.22017312049865723,0.09109602868556976
158,-0.17894205451011658,-0.04884522035717964,-0.008279833011329174
159,-0.07713793218135834,-0.1864064335823059,-0.030674338340759277
160,-0.2185601145029068,0.11158481240272522,-0.012346500530838966
161,0.24704691767692566,0.018119215965270996,0.05601330101490021
162,0.2493855059146881,0.2338673174381256,-0.021358903497457504
163,0.06094951555132866,-0.07626098394393921,0.10446742177009583
164,0.13585121929645538,0.11804095655679703,-0.06523119658231735
165,-0.06928133219480515,0.07905398309230804,-0.16819314658641815
166,-0.2534158229827881,0.1654345542192459,-0.0491359643638134
167,0.12172795087099075,0.13385191559791565,0.12504719197750092
168,-0.011471591889858246,0.1219046488404274,-0.02411315031349659
169,0.006320281885564327,0.28183817863464355,0.038200028240680695
170,-0.0012490862281993032,0.03434180095791817,-0.0130944037809968
171,0.22069653868675232,-0.019150054082274437,0.07528487592935562
172,-0.05911886692047119,-0.08984169363975525,0.08368344604969025
173,-0.0058539751917123795,0.07532547414302826,0.10164498537778854
174,0.20016996562480927,-0.14904291927814484,-0.11305174976587296
175,0.021106747910380363,-0.04663622006773949,0.10469044744968414
176,-0.05536948889493942,-0.10876066982746124,-0.05222854018211365
177,-0.00558671448379755,0.0058586751110851765,0.26686719059944153
178,-0.11025460064411163,-0.044722240418195724,-0.09086880087852478
179,-0.11388034373521805,-0.10165295749902725,0.2623985707759857
180,-0.21135538816452026,0.06724114716053009,0.04069780930876732
181,0.016152596101164818,0.23163440823554993,0.1940489560365677
182,-0.09782981872558594,0.197676882147789,-0.20068494975566864
183,0.08034936338663101,-0.09063518047332764,-0.04308014735579491
184,-0.008573399856686592,0.20439568161964417,-0.08650858700275421
185,-0.09381644427776337,-0.08248932659626007,-0.13645228743553162
186,-0.1874305009841919,-0.06903605908155441,-0.013876741752028465
187,0.022258078679442406,0.2110615223646164,-0.17693257331848145
188,0.031399913132190704,-0.2650444507598877,-0.14084301888942719
189,0.05458308756351471,-0.10151616483926773,0.16220995783805847
190,-0.14264725148677826,-0.04111108183860779,0.1055803894996643
191,-0.022031709551811218,-0.02452080324292183,-0.02660578303039074
192,0.06470446288585663,0.2554841637611389,-0.05738908424973488
193,-0.0007078145863488317,-0.1488906294107437,-0.020094312727451324
194,0.16981495916843414,0.1350773274898529,0.017842218279838562
195,0.047943323850631714,-0.017530374228954315,0.032520536333322525
196,0.04578515887260437,-0.21686407923698425,0.04608641564846039
197,-0.09710195660591125,0.06363434344530106,0.043362658470869064
198,0.17591923475265503,-0.029393063858151436,0.13070686161518097
199,-0.11759760975837708,-0.013333660550415516,-0.02601264789700508
200,0.0658281147480011,-0.071555957198143,-0.1198050007224083
201,0.0690963938832283,-0.10636486858129501,0.10701406747102737
202,0.1101556271314621,0.14842717349529266,0.04058193787932396
203,-0.1487298309803009,0.050774455070495605,-0.10119253396987915
204,-0.20834468305110931,0.30725058913230896,0.04044134169816971
205,-0.024385245516896248,0.1919994354248047,0.20956142246723175
206,0.12185038626194,0.049209944903850555,0.10921034961938858
207,-0.11625606566667557,-0.2126215547323227,0.009828750975430012
208,0.030856208875775337,0.043194226920604706,-0.11938485503196716
209,0.16897088289260864,0.09897778928279877,0.10031266510486603
210,0.3183702826499939,0.16262120008468628,-0.060282133519649506
211,0.03899292275309563,0.1631845384836197,-0.13348005712032318
212,-0.032348357141017914,0.12182985246181488,-0.19375914335250854
213,-0.1417393535375595,0.12399858981370926,-0.07879246026277542
214,0.0679205060005188,0.18853434920310974,-0.14855346083641052
215,-0.1637028455734253,0.07850908488035202,-0.11896084994077682
216,0.2265177071094513,0.04489252716302872,0.02971421740949154
217,-0.0632302537560463,-0.019834794104099274,-0.03634769842028618
218,-0.09091351926326752,-0.1707642674446106,-0.06325316429138184
219,-0.05770634859800339,0.028110772371292114,0.17468316853046417
220,0.027898035943508148,0.09322527050971985,0.07268878072500229
221,-0.07855094224214554,-0.08544928580522537,0.12403431534767151
222,-0.0378502681851387,-0.11473877727985382,-0.1884009838104248
223,-0.027864322066307068,0.02334234118461609,0.16009391844272614
224,-0.08138632774353027,-0.13310693204402924,0.011236155405640602
225,0.06946799904108047,0.08104602992534637,-0.10684143751859665
226,0.16829276084899902,0.019732655957341194,-0.15849608182907104
227,-0.017389334738254547,-0.15455755591392517,-0.20818424224853516
228,-0.16811835765838623,-0.05097629129886627,-0.13574931025505066
229,-0.0016961349174380302,0.1531265527009964,0.09297895431518555
230,-0.009134824387729168,-0.09535817801952362,-0.012138787657022476
231,0.018124094232916832,0.07860900461673737,0.017917072400450706
232,0.035881850868463516,-0.03048398718237877,0.02816980704665184
233,0.019984181970357895,0.14244291186332703,-0.20043669641017914
234,-0.03673834353685379,0.07483699917793274,-0.2668793797492981
235,0.11927883327007294,-0.17876608669757843,0.04579513892531395
236,0.1324460804462433,0.0039154598489403725,0.07250126451253891
237,-0.02822367660701275,0.2586822807788849,0.24942322075366974
238,-0.08112102001905441,0.19424879550933838,0.04591891169548035
239,0.0022408682852983475,-0.2084181308746338,0.07209215313196182
240,-0.21778500080108643,-0.028309514746069908,-0.04618579149246216
241,0.11098337173461914,-0.04753228649497032,-0.0784972608089447
242,0.010924678295850754,-0.033350925892591476,-0.21200859546661377
243,0.0899290218949318,-0.06534235924482346,-0.02264132723212242
244,-0.20078247785568237,0.07994963228702545,-0.016643617302179337
245,-0.05711475759744644,0.21037118136882782,0.03627850487828255
246,-0.02082468941807747,-0.1286124736070633,0.03761158138513565
247,-0.1028498187661171,0.13624171912670135,0.014443064108490944
248,-0.04762888327240944,-0.06679629534482956,0.022290941327810287
249,-0.10738696157932281,0.05051688104867935,-0.10937138646841049
250,-0.06916817277669907,-0.03920426219701767,0.024940574541687965
251,0.04117926210165024,-0.024762343615293503,0.020460041239857674
252,-0.19313721358776093,0.0677880197763443,0.03537599369883537
253,-0.04905791953206062,-0.07048583775758743,-0.08972977101802826
254,-0.0840335264801979,0.13814008235931396,-0.26112768054008484
255,0.1681520938873291,-0.1368034929037094,-0.06346356123685837
256,-0.04379209131002426,0.13206520676612854,-0.11601684987545013
257,-0.08165060728788376,-0.08749882876873016,-0.051265306770801544
258,-0.0520644411444664,0.23298300802707672,0.005379561800509691
259,-0.03610760346055031,-0.3140895962715149,-0.1397029161453247
260,0.14376948773860931,0.09700915217399597,0.15347237884998322
261,0.03746353089809418,-0.11829705536365509,-0.12746542692184448
262,0.11619336158037186,0.010565527714788914,0.19445805251598358
263,-0.058787256479263306,-0.09854342043399811,-0.23149339854717255
264,-0.01217668317258358,0.19629491865634918,0.07785167545080185
265,0.22009707987308502,-0.0008408977882936597,0.04687627777457237
266,0.19875505566596985,0.01359768956899643,-0.11958587914705276
267,0.07668479532003403,0.12159190326929092,0.01794331520795822
268,0.08063335716724396,-0.20341938734054565,0.034907083958387375
269,0.09500052779912949,-0.10208546370267868,0.09885784983634949
270,0.0024898166302591562,0.00047486447147093713,0.2001161128282547
271,-0.08283089101314545,-0.1426340937614441,0.04116032272577286
272,-0.015139119699597359,0.18336011469364166,0.13068203628063202
273,-0.07829982042312622,-0.11824999004602432,-0.049234092235565186
274,0.08717458695173264,0.12565749883651733,0.25407910346984863
275,0.00435806205496192,-0.1820686310529709,-0.1213698461651802
276,0.008964672684669495,0.19916458427906036,0.08096957206726074
277,-0.1281304955482483,-0.1857529729604721,0.10298978537321091
278,0.04176197201013565,-0.06576449424028397,0.10260793566703796
279,-0.028442637994885445,0.1332557648420334,-0.10085928440093994
280,0.05768841505050659,-0.0737343430519104,0.15086373686790466
281,0.04199238866567612,0.20605316758155823,-0.18767014145851135
282,-0.012834015302360058,-0.1169862225651741,-0.004140754695981741
283,-0.13469111919403076,-0.02020573616027832,0.08592746406793594
284,0.011665220372378826,-0.10480097681283951,0.22026529908180237
285,0.150702565908432,0.029145915061235428,0.1359100639820099
286,-0.0985775962471962,-0.2928321957588196,0.13188888132572174
287,-0.017845362424850464,-0.19594706594944,-0.24898706376552582
288,0.22647234797477722,0.10578132420778275,0.11503814905881882
289,-0.04087220877408981,0.18272487819194794,0.21453148126602173
290,0.179317906498909,-0.018717430531978607,0.06007268279790878
291,0.06455818563699722,0.20111455023288727,0.1404697597026825
292,-0.2156708985567093,0.25525665283203125,-0.012059378437697887
293,0.016431912779808044,0.03886193409562111,0.016924625262618065
294,-0.00905751995742321,-0.14308322966098785,0.05206204205751419
295,-0.09510515630245209,0.06692984700202942,0.1716221272945404
296,-0.09220662713050842,0.03680998459458351,-0.05767279863357544
297,-0.06547705829143524,-0.08954295516014099,-0.22010816633701324
298,0.1338070183992386,-0.09320946037769318,-0.15586277842521667
299,-0.051981788128614426,-0.016870511695742607,-0.011691806837916374
300,0.05257084593176842,0.01416939776390791,0.09414851665496826
301,0.15184593200683594,0.20235395431518555,0.009045343846082687
302,-0.06122096627950668,-0.06006365641951561,0.1066342294216156
303,-0.1357736438512802,0.1029440388083458,0.00673525920137763
304,0.015514316037297249,-0.13514722883701324,-0.06297561526298523
305,-0.0675414577126503,0.024979203939437866,0.02475924603641033
306,-0.1884799301624298,0.14394529163837433,0.22198361158370972
307,0.12223489582538605,0.3017660677433014,0.0563894659280777
308,-0.09545999765396118,0.18064749240875244,-0.07904543727636337
309,-0.09258143603801727,0.19015470147132874,-0.08469368517398834
310,0.04043801873922348,0.030460933223366737,0.02295764908194542
311,-0.011935515329241753,-0.15098552405834198,-0.37286311388015747
312,-0.24658557772636414,0.14303302764892578,-0.2466842383146286
313,0.01608356647193432,-0.026645353063941002,0.007917587645351887
314,0.28651997447013855,-0.001480491366237402,0.13289481401443481
315,0.039180152118206024,-0.03196176514029503,-0.2741605043411255
316,0.14178331196308136,0.012700394727289677,0.147007018327713
317,-0.16538164019584656,0.11284415423870087,0.10818742215633392
318,0.012401853688061237,0.13562805950641632,-0.12072668969631195
319,-0.0751253291964531,0.12638455629348755,0.010453872382640839
320,-0.006368119269609451,-0.06444334238767624,-0.05230709910392761
321,0.02385484240949154,-0.2014750838279724,-0.02873294986784458
322,-0.027196750044822693,-0.028847824782133102,0.3525952696800232
323,0.0793246477842331,0.026610901579260826,-0.023001689463853836
324,-0.17578503489494324,-0.051940761506557465,-0.19782797992229462
325,0.12582184374332428,-0.13524125516414642,0.14020128548145294
326,-0.3851618766784668,-0.02358314022421837,0.09405001252889633
327,0.09146320819854736,0.028836823999881744,0.06845233589410782
328,0.03843887150287628,0.0712653398513794,-0.13491860032081604
329,-0.0998455286026001,-0.01916750892996788,-0.035029955208301544
330,-0.009626355953514576,-0.055003076791763306,-0.022432560101151466
331,-0.003516049822792411,0.1142033115029335,-0.08695296198129654
332,0.04853842407464981,0.19366396963596344,-0.05237681418657303
333,-0.208783820271492,-0.040202751755714417,-0.05021641030907631
334,-0.05433664098381996,0.14442647993564606,-0.20304203033447266
335,-0.22242027521133423,0.09166962653398514,-0.10226576030254364
336,0.030146759003400803,0.04141585901379585,0.0436534509062767
337,-0.04750014841556549,0.2413649708032608,-0.02079007960855961
338,0.04371480643749237,-0.010915844701230526,0.01080186665058136
339,-0.049528222531080246,-0.05855497345328331,0.3017982244491577
340,0.019130222499370575,-0.06522531062364578,-0.03351414203643799
341,0.032182201743125916,0.23340407013893127,0.17499005794525146
342,-0.02256319299340248,-0.17789997160434723,0.05158793553709984
343,0.03251654654741287,0.05541719123721123,-0.0748017281293869
344,-0.11889591068029404,0.01009982917457819,-0.12851504981517792
345,-0.00481625460088253,0.16028635203838348,-0.10322887450456619
346,0.18865516781806946,-0.040240321308374405,-0.02548740990459919
347,-0.03829685598611832,0.0658983513712883,-0.034410156309604645
348,0.01652195304632187,0.06293993443250656,-0.12021732330322266
349,0.024244923144578934,-0.1043514832854271,0.0841374397277832
350,0.03525984287261963,-0.07817353308200836,-0.06360021233558655
351,0.18696396052837372,0.15204346179962158,0.23165929317474365
352,0.0954674482345581,-0.22266075015068054,0.2332315742969513
353,0.02805951051414013,-0.14586694538593292,0.04097777605056763
354,0.10027702152729034,0.02515198476612568,-0.13812336325645447
355,-0.03007647581398487,-0.07068116962909698,0.22908209264278412
356,-0.2914378345012665,-0.13741983473300934,-0.06039011850953102
357,0.07785772532224655,0.043917927891016006,0.09140320867300034
358,0.12319638580083847,-0.08287563920021057,-0.0677347332239151
359,0.11817298829555511,-0.23103444278240204,-0.23997320234775543
360,-0.06458289176225662,0.14965590834617615,-0.07156646996736526
361,0.049823492765426636,-0.09364315867424011,0.3260054886341095
362,0.05838703364133835,0.1046631783246994,-0.04331839084625244
363,0.0513722188770771,0.029810966923832893,-0.007501720450818539
364,-0.14309902489185333,-0.03947224095463753,0.04518997669219971
365,0.07387159764766693,-0.14671233296394348,0.05227603390812874
366,-0.11679499596357346,0.07065355032682419,-0.03814537078142166
367,0.27807092666625977,0.06297989189624786,-0.03585989773273468
368,0.10077999532222748,0.16432328522205353,0.055022478103637695
369,0.004831773694604635,0.2856638729572296,-0.1458873301744461
370,0.13760489225387573,0.014226969331502914,-0.09822586178779602
371,-0.1565501093864441,-0.03389856219291687,-0.15341106057167053
372,0.12382543832063675,0.004366707056760788,-0.18132328987121582
373,0.12629848718643188,-0.04377087205648422,0.047758739441633224
374,-0.1056261658668518,-0.0044796462170779705,-0.0864802896976471
375,-0.06949614733457565,-0.055579110980033875,0.033778078854084015
376,0.031906649470329285,0.12190055102109909,0.020204519852995872
377,0.0777909979224205,-0.046700943261384964,0.2584705054759979
378,-0.14467737078666687,-0.052452318370342255,-0.11561606079339981
379,-0.006652200128883123,-0.18955391645431519,0.04600275307893753
380,-0.26553064584732056,-0.0923217386007309,-0.16280026733875275
381,0.06249464675784111,-0.23053662478923798,-0.28082275390625
382,0.01825319603085518,0.03308016061782837,0.029342370107769966
383,-0.08870004117488861,0.10578896105289459,-0.03278447687625885
384,0.14245425164699554,0.005582759622484446,0.1913682222366333
385,0.08214876800775528,-0.05910243093967438,-0.26629096269607544
386,-0.04063943028450012,0.09624519944190979,0.042167939245700836
387,0.06984008103609085,0.005010785069316626,0.06340805441141129
388,-0.10803482681512833,0.049167945981025696,0.04425475001335144
389,-0.18199069797992706,0.05349366366863251,0.06592708826065063
390,-0.03503858670592308,0.02728169783949852,-0.0968431755900383
391,-0.07031659781932831,-0.03185592591762543,0.0766700804233551
392,-0.10272346436977386,0.10263170301914215,-0.03546823188662529
393,-0.013197298161685467,-0.12246410548686981,-0.17339855432510376
394,0.012483533471822739,0.04812272638082504,0.20475834608078003
395,-0.15345685184001923,-0.011431477963924408,0.11281449347734451
396,0.12103471159934998,0.10193657130002975,0.13271981477737427
397,0.001624160329811275,0.009989570826292038,0.027372952550649643
398,0.13977447152137756,-0.1627810001373291,-0.06422622501850128
399,-0.0001321774470852688,0.05501051992177963,-0.21537406742572784
400,0.12665237486362457,-0.17440453171730042,-0.2682301104068756
401,0.20313887298107147,0.10531991720199585,-0.11748416721820831
402,0.051444947719573975,0.007635723799467087,-0.1355283260345459
403,0.2999174892902374,0.22498108446598053,-0.0049093966372311115
404,0.08206351846456528,0.040999870747327805,0.03418672829866409
405,0.15310800075531006,-0.056007225066423416,0.11803458631038666
406,0.2780659794807434,-0.11260033398866653,-0.07921118289232254
407,0.044102031737565994,0.10957105457782745,-0.10054505616426468
408,0.009543879888951778,0.050152361392974854,-0.09865325689315796
409,-0.23336492478847504,-0.007937350310385227,-0.04028666391968727
410,-0.19021135568618774,-0.008651748299598694,-0.15941880643367767
411,-0.24368664622306824,-0.16311368346214294,0.0032483115792274475
412,0.031583789736032486,0.08079150319099426,-0.06468963623046875
413,-0.09276597946882248,0.22241166234016418,-0.03816601261496544
414,-0.052589088678359985,0.19686004519462585,-0.11307533085346222
415,0.3902326822280884,0.1310611367225647,0.034297291189432144
416,-0.21133334934711456,0.08422258496284485,0.06530025601387024
417,-0.12011308968067169,0.17053404450416565,0.06531722098588943
418,-0.054924577474594116,-0.12299658358097076,0.04114285483956337
419,-0.0677374079823494,-0.010860048234462738,0.030469249933958054
420,-0.01324722170829773,-0.1830769181251526,-0.0021944758482277393
421,-0.03378795459866524,-0.13912445306777954,0.12549935281276703
422,-0.06435691565275192,0.10803356021642685,-0.05309799313545227
423,-0.08097657561302185,-0.06662992388010025,-0.25334247946739197
424,0.026489870622754097,-0.041472211480140686,0.039017874747514725
425,-0.11706164479255676,0.029681634157896042,0.018230015411973
426,-0.1324390470981598,0.04867003858089447,-0.013353703543543816
427,-0.1846083402633667,0.1449670046567917,0.19827915728092194
428,0.13421393930912018,0.1086505874991417,-0.04527641087770462
429,0.1539749801158905,-0.2187856137752533,0.09093599021434784
430,-0.07465387135744095,-0.17048202455043793,-0.03344421833753586
431,-0.057969022542238235,0.14380766451358795,-0.15568391978740692
432,-0.06956347823143005,0.18662266433238983,-0.041253458708524704
433,0.268520325422287,0.10184339433908463,0.08375862240791321
434,0.09278424829244614,-0.0881202444434166,0.11010731756687164
435,0.06404034048318863,-0.168665811419487,-0.0336630679666996
436,0.032350800931453705,0.0326571986079216,-0.062360767275094986
437,-0.12758569419384003,0.03325747698545456,-0.09775861352682114
438,0.10857263207435608,-0.04989473149180412,-0.03414243832230568
439,0.13578671216964722,-0.07952924817800522,0.18522363901138306
440,0.11640410870313644,-0.029827211052179337,-0.06984202563762665
441,-0.21341560781002045,-0.09223014116287231,-0.2785723805427551
442,-0.1822645664215088,0.046369362622499466,0.03329852968454361
443,-0.11447042971849442,-0.1331159919500351,0.02397606149315834
444,-0.20877087116241455,0.060434747487306595,0.06532260775566101
445,-0.22151672840118408,-0.06949496269226074,-0.03949017822742462
446,-0.1621398627758026,0.15525706112384796,-0.3201599717140198
447,-0.09903035312891006,0.2757384479045868,-0.07112438976764679
448,-0.017898719757795334,-0.029563920572400093,0.16045717895030975
449,0.07059355825185776,-0.059732016175985336,-0.07043872028589249
450,-0.0636640340089798,-0.0890890434384346,0.06981692463159561
451,-0.15075914561748505,-0.013143179006874561,0.028581082820892334
452,-0.06100418046116829,0.061581987887620926,-0.17022408545017242
453,-0.20789408683776855,-0.011179613880813122,-0.014151273295283318
454,-0.0595153272151947,0.03432922810316086,-0.08028659224510193
455,-0.03727491945028305,0.011803319677710533,-0.007211881689727306
456,-0.12475365400314331,0.10759542882442474,-0.11359728872776031
457,-0.166623055934906,-4.114190232940018e-05,0.2583458423614502
458,0.07271631807088852,-0.007894146256148815,-0.31400245428085327
459,-0.051692407578229904,0.05585826188325882,-0.19107499718666077
460,0.1729900985956192,-0.0601239912211895,0.09719878435134888
461,0.05784863978624344,0.11611241847276688,0.0011301019694656134
462,0.20152512192726135,-0.03713759779930115,0.141490638256073
463,-0.049645163118839264,0.22983044385910034,-0.10544060915708542
464,0.014411218464374542,-0.08431599289178848,0.07171394675970078
465,-0.2040492594242096,-0.01746242120862007,0.24749115109443665
466,-0.120587557554245,-0.1994658261537552,0.013083857484161854
467,0.1613137274980545,-0.044827595353126526,-0.013932587578892708
468,0.12512503564357758,0.19725993275642395,-0.0802072212100029
469,-0.2619965076446533,-0.02008325420320034,-0.058748964220285416
470,-0.06784417480230331,-0.17495355010032654,-0.030629632994532585
471,-0.001480056787841022,-0.15998081862926483,-0.1325933039188385
472,0.01661592908203602,0.0850503221154213,0.11427110433578491
473,0.0628378763794899,-0.010518822818994522,0.01790587417781353
474,-0.06282031536102295,-0.11942624300718307,-0.15397778153419495
475,-0.03023773618042469,0.06598590314388275,-0.009905505925416946
476,0.15922194719314575,0.0973324403166771,0.1956866830587387
477,0.11251642554998398,0.05596698075532913,0.09635142236948013
478,-0.06062302365899086,0.05538899078965187,0.10595200955867767
479,0.08809787034988403,-0.05316305533051491,0.0008532573119737208
480,0.008461837656795979,0.07020159810781479,-0.1548144370317459
481,-0.1294950246810913,0.01525123044848442,0.12186336517333984
482,0.015433979220688343,-0.27504685521125793,-0.012175613082945347
483,-0.10955485701560974,-0.15727627277374268,-0.008187745697796345
484,0.3173735737800598,0.11882133036851883,0.025563441216945648
485,-0.0728846862912178,-0.09973055869340897,0.09212654083967209
486,0.062412988394498825,-0.08427693694829941,0.03801730275154114
487,-0.19874347746372223,0.012998525984585285,-0.06237234175205231
488,0.21127453446388245,0.0729358047246933,-0.08782564848661423
489,-0.1852739453315735,-0.04905351996421814,0.08416169881820679
490,0.1739145666360855,-0.010355302132666111,0.07581207901239395
491,0.06335940212011337,-0.013443305157124996,-0.07006001472473145
492,0.0677073672413826,-0.0685873031616211,0.04234128072857857
493,-0.06971603631973267,-0.14251193404197693,-0.13756579160690308
494,-0.024683445692062378,-0.10496585816144943,0.021452181041240692
495,0.19613420963287354,0.0656307265162468,-0.17101912200450897
496,0.052317358553409576,0.000894184282515198,-0.03499942272901535
497,0.05253700539469719,0.15547442436218262,0.012065611779689789
498,0.04074634611606598,-0.15740104019641876,-0.15569175779819489
499,0.10159763693809509,0.13272282481193542,0.0899382010102272
500,0.20138083398342133,-0.16501499712467194,-0.10053981840610504
501,0.01030207984149456,0.029304765164852142,0.12662291526794434
502,-0.016454778611660004,-0.0013094977475702763,-0.04840141162276268
503,0.05731317400932312,0.033645957708358765,-0.36032336950302124
504,0.05010198429226875,-0.09102039039134979,-0.059481892734766006
505,0.048585206270217896,-0.15535692870616913,0.05080489441752434
506,0.243586927652359,-0.21811628341674805,0.03730284795165062
507,0.3388606905937195,0.006371329538524151,0.09333968907594681
508,-0.04927670583128929,-0.07819775491952896,0.0882684737443924
509,-0.13276639580726624,0.0769200250506401,0.01952124573290348
510,-0.12496967613697052,0.07177683711051941,0.12629114091396332
511,-0.20251600444316864,-0.09851247072219849,0.0033031452912837267
512,0.25557804107666016,-0.018674315884709358,-0.016890468075871468
513,0.16624799370765686,-0.053520821034908295,-0.20183691382408142
514,-0.12000478059053421,-0.09583747386932373,-0.014072300866246223
515,0.051745541393756866,-0.11718793958425522,-0.049771375954151154
516,-0.19094346463680267,0.29495251178741455,0.12282692641019821
517,-0.09701795130968094,-0.08185013383626938,-0.049947503954172134
518,0.1351054161787033,0.023732149973511696,0.023444650694727898
519,-0.08777893334627151,0.0797228068113327,0.07057876884937286
520,0.24362309277057648,0.13492800295352936,0.043231282383203506
521,-0.05466996878385544,-0.1496209353208542,0.0824645534157753
522,-0.05463467538356781,0.02961394190788269,0.23151709139347076
523,0.13512925803661346,-0.11732704192399979,-0.0406084880232811
524,0.24529296159744263,-0.15050671994686127,-0.06958502531051636
525,0.10009632259607315,-0.10228082537651062,0.22888725996017456
526,-0.04791426658630371,-0.06848302483558655,-0.06596890836954117
527,-0.009892341680824757,-0.01796107366681099,0.21655111014842987
528,0.02122369408607483,0.01974453032016754,0.03661588951945305
529,0.05025826022028923,0.06171649694442749,-0.02302972786128521
530,0.00883011519908905,0.09860653430223465,-0.0227300263941288
531,0.022742874920368195,0.05614606291055679,-0.15062622725963593
532,-0.0007008492830209434,-0.16903533041477203,0.09567968547344208
533,0.08363687992095947,-0.014932207763195038,0.06006736680865288
534,-0.054667599499225616,0.24316824972629547,-0.008994733914732933
535,0.005656237713992596,0.14309090375900269,0.020657284185290337
536,0.08362984657287598,-0.16823308169841766,-0.07139880955219269
537,0.022564556449651718,-0.08781808614730835,0.0009915285045281053
538,0.21213588118553162,-0.06748349219560623,-0.011273174546658993
539,-0.026842977851629257,0.14766837656497955,0.1445772349834442
540,-0.14505085349082947,-0.06179383024573326,-0.015353549271821976
541,-0.25121650099754333,0.0935903787612915,0.2708524763584137
542,0.09796324372291565,-0.05020593851804733,0.04318234324455261
543,0.23622065782546997,-0.07557078450918198,-0.004316312726587057
544,-0.04383545368909836,0.2055756151676178,0.2879226505756378
545,0.04051220417022705,0.014915196225047112,-0.05001378804445267
546,0.0987861230969429,0.08536241948604584,0.1377071738243103
547,-0.14268378913402557,0.047175806015729904,0.05320662632584572
548,-0.011837244965136051,0.10642513632774353,-0.08053828030824661
549,-0.039894863963127136,-0.16301235556602478,0.13209110498428345
550,0.042470429092645645,0.010395877994596958,0.08272524923086166
551,0.12848779559135437,-0.0483856126666069,0.10769515484571457
552,0.09020283073186874,-0.203836590051651,-0.0326213501393795
553,0.018579527735710144,0.16305862367153168,0.15076854825019836
554,-0.036908943206071854,-0.015236543491482735,-0.19683599472045898
555,-0.0481291338801384,-0.03947671502828598,0.02300121635198593
556,-0.10963113605976105,0.08843705803155899,0.14323578774929047
557,-0.09118332713842392,-0.13667066395282745,0.023711401969194412
558,-0.13677285611629486,0.23739679157733917,-0.03215595707297325
559,0.033904414623975754,-0.11272425949573517,0.04191271960735321
560,-0.11471175402402878,-0.14564110338687897,0.1218823790550232
561,-0.17428115010261536,-0.12208059430122375,-0.19689469039440155
562,0.00013010308612138033,0.1610928624868393,-0.0484158918261528
563,0.01750396192073822,0.13055573403835297,0.07966957986354828
564,0.10283756256103516,-0.13064295053482056,-0.16984030604362488
565,0.14832521975040436,-0.056099578738212585,0.10797835141420364
566,-0.006581973284482956,-0.19818371534347534,-0.01403267402201891
567,-0.06681641191244125,0.12374347448348999,0.02821081131696701
568,0.20473697781562805,0.15141205489635468,0.11325094103813171
569,-0.11352923512458801,0.041577987372875214,-0.0508614182472229
570,-0.15823420882225037,-0.11246423423290253,-0.050178542733192444
571,0.10202507674694061,0.1755087673664093,-0.08866343647241592
572,-0.08881106227636337,0.07222554832696915,-0.059782132506370544
573,0.012096747756004333,0.09577595442533493,0.027780422940850258
574,0.059011854231357574,0.03414558246731758,0.08721849322319031
575,-0.04867161065340042,-0.2040642350912094,-0.22192852199077606
576,-0.1492449939250946,0.035994719713926315,0.17342700064182281
577,-0.1916104257106781,-0.1037721261382103,0.1360430270433426
578,0.1410578191280365,0.20771300792694092,-0.24922561645507812
579,0.047324541956186295,-0.01931597851216793,0.09909103810787201
580,0.2110767662525177,0.3089312016963959,0.009770592674612999
581,-0.032406341284513474,-0.09720908105373383,-0.10488270223140717
582,-0.0033275424502789974,-0.06804409623146057,0.20614175498485565
583,-0.11752612888813019,-0.018170291557908058,-0.10476089268922806
584,0.15654383599758148,0.0435713455080986,0.0476813018321991
585,-0.09326092153787613,-0.03089877963066101,-0.06949189305305481
586,-0.10842584073543549,-0.08229438960552216,-0.01388221513479948
587,0.07914378494024277,0.1616155505180359,-0.09629220515489578
588,-0.06941857188940048,-0.04543997719883919,-0.04089583456516266
589,-0.18897122144699097,0.05532991886138916,-0.03606715053319931
590,0.05092658847570419,0.013446420431137085,-0.0401448979973793
591,-0.006973272655159235,-0.013887422159314156,0.06677570939064026
592,0.21174795925617218,0.16609898209571838,0.06945512443780899
593,-0.08564151078462601,-0.008435675874352455,0.021727729588747025
594,-0.06971310824155807,0.03306933492422104,-0.08289933204650879
595,-0.1309196650981903,0.04605861008167267,0.14060451090335846
596,-0.06196186691522598,-0.10076561570167542,0.014153573662042618
597,0.16392631828784943,0.021406002342700958,0.035849474370479584
598,0.07478845119476318,-0.0007886886596679688,-0.10874956846237183
599,0.0529695600271225,-0.05107274651527405,0.04033961892127991
600,0.2705532908439636,-0.047490425407886505,-0.020136889070272446
601,0.10926710069179535,0.043877340853214264,-0.054362159222364426
602,0.009415131993591785,-0.17203083634376526,-0.29619142413139343
603,0.016818959265947342,-0.041293516755104065,-0.11957519501447678
604,0.003411277662962675,-0.09469079971313477,0.07707036286592484
605,-0.025014208629727364,-0.07622107863426208,-0.03590864688158035
606,-0.003110898658633232,0.2231774926185608,-0.21796897053718567
607,-0.18796397745609283,0.20181328058242798,-0.05084087699651718
608,0.09881176054477692,0.06575170159339905,-0.01696457527577877
609,-0.08417703211307526,-0.10569243878126144,0.039233993738889694
610,0.002092753304168582,0.1277969926595688,-0.01791330799460411
611,-0.028828207403421402,-0.025388041511178017,0.20387879014015198
612,-0.14865925908088684,-0.05775661766529083,-0.12173537164926529
613,0.3231274485588074,0.05157976970076561,0.047593384981155396
614,0.06373271346092224,0.05835961923003197,-0.2342960238456726
615,0.15068571269512177,0.028545306995511055,0.011176046915352345
616,-0.03745867684483528,0.21491730213165283,-0.015217270702123642
617,-0.17013148963451385,-0.014512891881167889,-0.06364806741476059
618,0.04706026613712311,0.2627392113208771,-0.15963999927043915
619,0.02886967733502388,-0.033907778561115265,-0.14458706974983215
620,0.12480451911687851,-0.14281097054481506,-0.1251937299966812
621,-0.022318223491311073,0.10413377732038498,0.1109839528799057
622,-0.05697888880968094,-0.027358658611774445,0.03752421960234642
623,0.05815576761960983,0.024434251710772514,0.12007839232683182
624,0.08935800939798355,-0.05927406623959541,0.14095641672611237
625,0.1682184487581253,-0.3187127411365509,-0.04436134919524193
626,0.0544145405292511,0.33428728580474854,-0.13853789865970612
627,-0.11434689164161682,-0.07319691777229309,0.16483822464942932
628,0.02610396221280098,0.18611721694469452,0.08954382687807083
629,0.07445923984050751,-0.10428512096405029,-0.13404114544391632
630,-0.10430847108364105,-0.3600787818431854,-0.025166848674416542
631,-0.048050083220005035,-0.0981910452246666,0.027454232797026634
632,0.03639109060168266,0.016674475744366646,0.08034008741378784
633,0.0975143238902092,0.1450432986021042,0.05877263471484184
634,-0.0857834592461586,-0.04700891673564911,0.14879244565963745
635,0.0664304867386818,0.194464772939682,0.04263343662023544
636,0.005172524601221085,0.097625732421875,0.018898701295256615
637,0.05328960344195366,-0.11162541061639786,-0.023583628237247467
638,-0.009856289252638817,-0.0778622105717659,0.21169355511665344
639,0.237613245844841,-0.027243679389357567,-0.13637545704841614
640,-0.0045544239692389965,0.06177123263478279,0.08174318820238113
641,0.15296179056167603,3.28955429722555e-05,-0.09795550256967545
642,-0.05752730742096901,-0.0908127874135971,0.03351946920156479
643,0.1404259204864502,0.1317857950925827,-0.03077390417456627
644,-0.03987105190753937,0.08417152613401413,-0.09503457695245743
645,-0.17710767686367035,-0.13081546127796173,0.02217368222773075
646,0.00306900218129158,-0.22296129167079926,0.06943827867507935
647,-0.09953708946704865,-0.09619437158107758,0.21856440603733063
648,-0.1894838958978653,0.09795106947422028,0.05745657533407211
649,0.24879230558872223,0.30883529782295227,-0.042857229709625244
650,-0.03445630148053169,-0.08269241452217102,-0.12251588702201843
651,-0.18641652166843414,0.26280930638313293,-0.1629968136548996
652,0.07480421662330627,0.07616733759641647,-0.12395541369915009
653,0.19576027989387512,0.05375910550355911,0.026615800336003304
654,-0.09970083832740784,-0.04143083468079567,0.03990351781249046
655,0.03268204256892204,0.035120464861392975,0.023324133828282356
656,-0.011549092829227448,0.009919879026710987,0.11951785534620285
657,-0.03873717784881592,0.12125003337860107,-0.029968492686748505
658,0.027534013614058495,-0.041224826127290726,0.316421240568161
659,0.14708587527275085,-0.16724331676959991,0.1191713958978653
660,0.06596369296312332,0.052352599799633026,-0.14721983671188354
661,-0.09899064153432846,-0.25260454416275024,-0.056603047996759415
662,-0.21869903802871704,0.10473276674747467,-0.2848326563835144
663,-0.2047070562839508,0.16539908945560455,0.015238932333886623
664,0.10641872882843018,-0.04474194347858429,-0.058361832052469254
665,0.02010491117835045,-0.0023543103598058224,0.2065839022397995
666,-0.02792120724916458,-0.09570111334323883,0.018849635496735573
667,-0.13854758441448212,-0.20458124577999115,-0.2029932141304016
668,-0.004409448243677616,-0.18570014834403992,-0.005188113544136286
669,-0.04863453656435013,-0.09847502410411835,0.009588068351149559
670,0.09970978647470474,0.019717765972018242,0.20116864144802094
671,0.10235051810741425,0.16237488389015198,0.28379371762275696
672,0.021126650273799896,-0.09740545600652695,0.16857028007507324
673,0.09098160266876221,0.07438654452562332,-0.035470493137836456
674,-0.14411987364292145,-0.004169007763266563,0.037542302161455154
675,-0.16781654953956604,0.0523490235209465,0.1642303764820099
676,-0.001988726668059826,0.026841729879379272,-0.15778321027755737
677,-0.06040745973587036,0.07252178341150284,0.21114832162857056
678,0.008559529669582844,-0.01175553910434246,-0.026962587609887123
679,0.025703251361846924,0.06610941886901855,-0.06999989598989487
680,-0.10934258997440338,-0.1990300416946411,-0.012760065495967865
681,-0.08919898420572281,0.07879603654146194,0.025057200342416763
682,0.14399123191833496,0.2111090123653412,-0.006583822891116142
683,-0.1867794245481491,0.032500579953193665,0.03723335266113281
684,-0.07487858831882477,-0.053458232432603836,0.017226867377758026
685,-0.17676600813865662,-0.13786299526691437,-0.005511695519089699
686,0.12493926286697388,-0.043588437139987946,-0.03105783835053444
687,0.1787564903497696,-0.08077356219291687,-0.1634339690208435
688,-0.2016056329011917,0.0052006421610713005,0.174599751830101
689,-0.038150373846292496,-0.19222961366176605,0.0038888812996447086
690,0.11257459223270416,0.1528996378183365,0.07226390391588211
691,-0.0053155929781496525,0.17458520829677582,0.1552080512046814
692,0.04617321863770485,0.17971530556678772,0.032356295734643936
693,0.03255903720855713,0.06648685038089752,0.1874081790447235
694,0.0834842175245285,-0.029705990105867386,0.1510162651538849
695,-0.10453075170516968,0.0068406034260988235,0.16547536849975586
696,-0.13913007080554962,-0.023409917950630188,0.12096890062093735
697,0.04744474217295647,0.009247825480997562,0.07288207113742828
698,-0.03870655223727226,0.32815873622894287,-0.1584153175354004
699,0.09063801914453506,-0.014006102457642555,0.13466818630695343
700,-0.08625651895999908,0.31150293350219727,0.07830877602100372
701,0.0012835050001740456,-0.17236950993537903,0.10445290058851242
702,-0.1091017872095108,0.06219141185283661,-0.0022003341000527143
703,0.16176404058933258,0.12799668312072754,0.03357938304543495
704,0.023830223828554153,0.02184814214706421,-0.03378163278102875
705,-0.07675252109766006,-0.05422886461019516,-0.26814502477645874
706,0.02115648053586483,0.0631878450512886,0.08242156356573105
707,0.046314992010593414,0.00463354354724288,-0.027432508766651154
708,-0.011578941717743874,-0.05218769982457161,-0.21417617797851562
709,0.07996001839637756,0.10921473801136017,0.09599383920431137
710,0.18360209465026855,0.032454609870910645,0.451577365398407
711,-0.0332685261964798,0.040479619055986404,-0.03531930223107338
712,-0.2935903072357178,0.002468569204211235,0.037421129643917084
713,0.03655939921736717,0.02026333287358284,-0.21430112421512604
714,0.055711954832077026,0.019413098692893982,-0.03300660103559494
715,0.2335205078125,-0.062006235122680664,0.19657187163829803
716,0.012081851251423359,-0.07143320888280869,0.06376564502716064
717,0.015210759826004505,0.10158790647983551,-0.09754526615142822
718,0.1257493644952774,-0.029570141807198524,0.09925816208124161
719,0.18728791177272797,0.1579241305589676,0.14380279183387756
720,0.1984432488679886,0.01231733150780201,-0.043896593153476715
721,-0.0582239031791687,-0.06748699396848679,-0.021413078531622887
722,0.13638447225093842,0.07759645581245422,0.17046725749969482
723,0.04277929291129112,0.05207493156194687,-0.047161299735307693
724,0.13910330832004547,0.22400079667568207,0.13172748684883118
725,0.13353566825389862,-0.012225973419845104,0.022095121443271637
726,0.006059740670025349,-0.09100473672151566,0.013196935877203941
727,0.03375979885458946,0.010028032585978508,0.0007497964543290436
728,-0.15826979279518127,0.04234261438250542,-0.37614700198173523
729,0.11968784779310226,-0.31586021184921265,0.17479005455970764
730,0.0018106980714946985,0.10708567500114441,0.250470370054245
731,0.0936000868678093,0.08385542035102844,-0.06431397050619125
732,0.03617039695382118,-0.07572782784700394,-0.05392748862504959
733,-0.018840093165636063,0.22902058064937592,-0.21224716305732727
734,0.012660495936870575,-0.04393821209669113,0.02840893715620041
735,0.04099484160542488,0.24426786601543427,-0.13388517498970032
736,0.14326193928718567,0.0825614407658577,0.008619100786745548
737,0.06001046299934387,-0.03874116390943527,0.013501815497875214
738,0.2687278091907501,-0.028933506458997726,-0.01955992542207241
739,-0.0030011264607310295,0.05239804834127426,0.03568073734641075
740,0.033084686845541,-0.05936676636338234,0.13132037222385406
741,0.010838594287633896,-0.09063687920570374,0.15199272334575653
742,-0.07866135984659195,-0.07089666277170181,0.058193400502204895
743,0.0874900221824646,0.08511169999837875,0.020002055913209915
744,0.2159505933523178,-0.2553786635398865,-0.06403443217277527
745,0.07637961208820343,-0.14750753343105316,0.11869195848703384
746,-0.19372983276844025,0.15554557740688324,0.1710241138935089
747,0.020627189427614212,0.07856684923171997,-0.12796413898468018
748,-0.24492835998535156,-0.09112429618835449,-0.01979549415409565
749,0.010870380327105522,0.10571344941854477,0.15480037033557892
750,0.12577122449874878,0.07765252143144608,0.12129297852516174
751,-0.1435290426015854,-0.11202401667833328,0.143901988863945
752,-0.06751364469528198,-0.042550235986709595,0.2652605473995209
753,-0.053359825164079666,0.20978151261806488,-0.1140509620308876
754,0.007060573436319828,-0.02485186979174614,-0.04842732474207878
755,-0.05695774778723717,-0.24344655871391296,0.049802470952272415
756,0.022545043379068375,-0.05184534564614296,0.19362550973892212
757,-0.07741878926753998,-0.02471095882356167,-0.06692460179328918
758,-0.21751487255096436,-0.09088809788227081,0.0523851253092289
759,-0.05280726030468941,0.12541881203651428,-0.06143980473279953
760,0.08696430921554565,-0.15386366844177246,0.1348896324634552
761,0.06940363347530365,-0.0658450797200203,0.33416855335235596
762,-0.002576091792434454,-0.008589686825871468,-0.1478065550327301
763,-0.16937074065208435,0.25519266724586487,-0.055238962173461914
764,-0.08915694057941437,-0.011499365791678429,-0.07209761440753937
765,-0.24352920055389404,0.0998782068490982,0.009567580185830593
766,0.23912055790424347,-0.14283272624015808,-0.015357188880443573
767,-0.11628223955631256,-0.049106400460004807,0.07985948026180267
768,0.054228413850069046,0.02102643996477127,-0.10675157606601715
769,0.16832661628723145,-0.09488824009895325,-0.17680871486663818
770,-0.10711291432380676,-0.16553586721420288,-0.20526599884033203
771,-0.14379581809043884,-0.06307714432477951,0.04166329652070999
772,-0.15819039940834045,0.02762840874493122,-0.15182441473007202
773,0.013309162110090256,-0.10401870310306549,0.1924940049648285
774,0.0559830479323864,0.10174404084682465,0.18612413108348846
775,-0.058572232723236084,0.07029082626104355,0.20196838676929474
776,-0.11612444370985031,0.173956036567688,-0.3103678226470947
777,-0.19358225166797638,-0.01599901169538498,-0.10115028917789459
778,-0.08975990861654282,-0.2418021708726883,-0.06947272270917892
779,0.07104546576738358,0.12046534568071365,-0.037815168499946594
780,-0.006816284265369177,-0.09064935147762299,-0.2688024640083313
781,-0.12982478737831116,0.12140756845474243,0.1020713523030281
782,0.22544604539871216,0.01500738225877285,0.02058311179280281
783,-0.08838304877281189,0.01848115399479866,0.11125646531581879
784,-0.02857416681945324,-0.2031741887331009,0.13675495982170105
785,-0.13077601790428162,0.10518147051334381,0.08448406308889389
786,0.124627985060215,-0.08943220973014832,-0.1696944236755371
787,0.0268052127212286,-0.042875148355960846,0.04647437855601311
788,-0.09306350350379944,-0.009847305715084076,0.12128881365060806
789,0.022667165845632553,-0.0004300357250031084,-0.17194165289402008
790,0.11692427098751068,-0.1875746101140976,0.22683221101760864
791,-0.21897739171981812,-0.059783317148685455,0.04158595949411392
792,-0.042201947420835495,0.15702977776527405,-0.2676207721233368
793,-0.011633312329649925,-0.2701134979724884,-0.09446592628955841
794,0.13212208449840546,-0.031009476631879807,-0.028410421684384346
795,-0.21194994449615479,-0.03035914897918701,-0.013361243531107903
796,0.21472246944904327,-0.025615695863962173,-0.11229714751243591
797,-0.16974350810050964,-0.04722067713737488,-0.050999678671360016
798,0.056909672915935516,0.047616034746170044,0.15741346776485443
799,-0.028033459559082985,-0.21415211260318756,0.20113429427146912
800,-0.13583488762378693,-0.0953635573387146,0.11658084392547607
801,0.011325064115226269,-0.20431095361709595,-0.19275470077991486
802,0.12711326777935028,-0.04982367902994156,0.10621237754821777
803,0.0818902999162674,0.024154677987098694,0.08075185865163803
804,-0.06810120493173599,0.015416491776704788,0.24500516057014465
805,0.17346033453941345,0.09783762693405151,-0.030362511053681374
806,-0.15675249695777893,-0.16195760667324066,-0.0897049531340599
807,-0.11635866016149521,-0.12047522515058517,0.04330471158027649
808,0.0407024510204792,0.08542948216199875,0.12862628698349
809,-0.08327299356460571,0.006064039189368486,-0.10936453938484192
810,0.057794325053691864,-0.12285728752613068,-0.03522538021206856
811,-0.22966749966144562,-0.019174043089151382,0.03172608092427254
812,0.07778588682413101,-0.11543402075767517,-0.05389408767223358
813,0.01207292452454567,0.03676314651966095,0.15611329674720764
814,0.046629175543785095,-0.07658248394727707,-0.18998777866363525
815,-0.09443599730730057,-0.08353792876005173,-0.0823611468076706
816,0.03361542150378227,-0.12226537615060806,-0.11105727404356003
817,0.05574514716863632,-0.023413319140672684,-0.25789323449134827
818,0.06540961563587189,-0.00208811997435987,-0.15896721184253693
819,0.17580853402614594,0.06695069372653961,-0.23580169677734375
820,-0.02787850983440876,0.1412288397550583,-0.017662545666098595
821,-0.09078175574541092,0.046204082667827606,-0.02799716591835022
822,0.010075033642351627,-0.0369248203933239,-0.09256214648485184
823,0.08892042934894562,0.09721025079488754,-0.15530307590961456
824,0.31039780378341675,-0.020193297415971756,-0.09819279611110687
825,0.06352297216653824,0.049327779561281204,0.23031136393547058
826,-0.27919629216194153,0.09251569211483002,0.012427075766026974
827,0.11968113481998444,-0.21095308661460876,-0.09091214090585709
828,0.00984142441302538,0.1961008459329605,0.21279466152191162
829,0.1393343061208725,0.12185341864824295,-0.028511151671409607
830,-0.1870286613702774,-0.23170454800128937,0.062023766338825226
831,0.02933923527598381,0.1511119306087494,-0.10644614696502686
832,-0.09373732656240463,-0.12272539734840393,0.03308134153485298
833,0.04406174272298813,-0.13345018029212952,0.029891645535826683
834,-0.006217446178197861,0.21119457483291626,-0.05333361774682999
835,-0.05857100337743759,0.05840657278895378,0.015689248219132423
836,-0.027236679568886757,0.21031901240348816,-0.23052813112735748
837,-0.10134651511907578,-0.08768271654844284,0.023802928626537323
838,0.18431460857391357,0.20934200286865234,-0.026796331629157066
839,0.010877756401896477,-0.01901550404727459,0.0814025029540062
840,-0.08884259313344955,0.19166989624500275,0.084066241979599
841,-0.00460431445389986,0.21807996928691864,-0.04599958285689354
842,0.042636167258024216,-0.06049792841076851,-0.09720567613840103
843,-0.025749867781996727,0.039797890931367874,-0.10426286607980728
844,0.12575437128543854,0.046284232288599014,-0.004442576318979263
845,0.27146077156066895,-0.21486714482307434,0.03801696375012398
846,-0.06675021350383759,0.2285812646150589,0.028690258041024208
847,-0.14751441776752472,-0.058211080729961395,0.11674226820468903
848,0.0009411529172211885,0.07840793579816818,-0.01974221132695675
849,0.06839190423488617,0.12636159360408783,0.2117306888103485
850,0.03907226026058197,0.05108894780278206,-0.16650685667991638
851,0.0031153173185884953,0.07702329009771347,-0.11087619513273239
852,0.013660887256264687,-0.10951060056686401,-0.06610113382339478
853,0.049257561564445496,-0.12944604456424713,-0.17790354788303375
854,0.10613273084163666,-0.11001325398683548,0.21259455382823944
855,-0.0287102609872818,-0.03499472513794899,-0.014760821126401424
856,0.04163848236203194,0.0355989895761013,0.019488250836730003
857,-0.0401889830827713,-0.03691498190164566,0.0049425577744841576
858,0.25528180599212646,-0.03421870246529579,-0.03368980810046196
859,0.07592892646789551,-0.03651389479637146,-0.10097643733024597
860,0.06765488535165787,-0.015234622173011303,-0.23489458858966827
861,-0.02070480026304722,-0.0914560928940773,0.12133122235536575
862,0.1525617092847824,0.052011121064424515,0.028649572283029556
863,-0.04636519402265549,-0.0033329741563647985,-0.22602544724941254
864,0.016430024057626724,-0.14031605422496796,-0.032775383442640305
865,0.01540712546557188,-0.1862180531024933,0.27466633915901184
866,0.054808780550956726,0.2200370877981186,-0.09808633476495743
867,0.17675159871578217,0.009010120294988155,-0.0393548309803009
868,-0.047942183911800385,0.07934245467185974,-0.15716546773910522
869,-0.05657536908984184,0.007626444101333618,0.12611541152000427
870,-0.24044087529182434,0.1378599852323532,-0.03764019533991814
871,-0.21266192197799683,0.0003778171958401799,0.0474090650677681
872,0.2164977639913559,0.19214235246181488,-0.10836131125688553
873,-0.03175301104784012,0.08494977653026581,-0.12710702419281006
874,-0.05634996294975281,-0.25642961263656616,-0.020602628588676453
875,0.3658260405063629,-0.12227050215005875,-0.10198846459388733
876,-0.18634825944900513,0.20483554899692535,-0.0901850163936615
877,-0.03374238684773445,-0.09158476442098618,0.10761205106973648
878,-0.17791473865509033,0.05817741900682449,-0.04152000695466995
879,-0.13255394995212555,-0.052894797176122665,0.04696083068847656
880,-0.1089300885796547,0.07701040804386139,-0.001636701519601047
881,0.19668856263160706,-0.03466228395700455,-0.08838490396738052
882,-0.011865882202982903,-0.0548887699842453,-0.23702800273895264
883,-0.028153153136372566,-0.12318941950798035,-0.06772430986166
884,-0.028446054086089134,0.0793592557311058,-0.21355213224887848
885,0.0079616978764534,0.21352456510066986,-0.09703212976455688
886,-0.0818084254860878,-0.05833439156413078,-0.21685060858726501
887,0.20742683112621307,0.0958351343870163,0.016388732939958572
888,0.1335706114768982,0.013155665248632431,-0.02366039529442787
889,0.0705815851688385,-0.212593212723732,0.014199914410710335
890,-0.05924632400274277,-0.018443692475557327,0.11235114187002182
891,0.27062663435935974,0.2165512591600418,0.02480161190032959
892,0.17249161005020142,-0.16070528328418732,0.07798860222101212
893,-0.28598448634147644,0.16337844729423523,-0.11951720714569092
894,0.07951189577579498,-0.003555946983397007,-0.006187764927744865
895,-0.08041918277740479,-0.08324946463108063,-0.025541512295603752
896,0.0517432764172554,-0.06300303339958191,0.0021359401289373636
897,-0.1354677528142929,0.2255958914756775,-0.010123410262167454
898,0.018628183752298355,-0.25059598684310913,-0.038330432027578354
899,-0.2672734260559082,-0.13105858862400055,0.11957834661006927
900,-0.05938520282506943,0.16952982544898987,-0.08160599321126938
901,0.1704251617193222,-0.1621624082326889,0.008892258629202843
902,0.036319244652986526,-0.15860697627067566,0.13014015555381775
903,-0.09068341553211212,0.07653395086526871,0.029873352497816086
904,0.03304770588874817,0.06935760378837585,-0.31923386454582214
905,-0.11849051713943481,-0.10694696009159088,-0.11546724289655685
906,0.2359357327222824,0.015143075957894325,0.13570210337638855
907,0.13599762320518494,-0.15598754584789276,-0.0807449147105217
908,-0.07549083232879639,0.044649649411439896,0.021330665796995163
909,-0.08755850791931152,-0.01073345635086298,-0.10685573518276215
910,-0.10142301023006439,0.12568257749080658,-0.18877045810222626
911,-0.07780041545629501,-0.13065487146377563,0.061110638082027435
912,0.02965294010937214,-0.15811872482299805,0.05556453764438629
913,0.00791607704013586,0.011816593818366528,0.0012266148114576936
914,0.006194551941007376,-0.1286107897758484,0.01556872297078371
915,0.07522208243608475,0.1711350977420807,-0.08534293621778488
916,-0.08043057471513748,0.20990215241909027,-0.21266084909439087
917,0.0699034333229065,-0.13696831464767456,0.12633776664733887
918,-0.008769786916673183,-0.10019638389348984,-0.07446151226758957
919,0.022026991471648216,0.014419401064515114,0.004967867862433195
920,-0.050483305007219315,-0.09589164704084396,-0.09044721722602844
921,0.024919938296079636,-0.08670426905155182,-0.19804203510284424
922,-0.02462656982243061,-0.008315064944326878,-0.1963157206773758
923,-0.06366414576768875,-0.15351589024066925,0.22626036405563354
924,-0.034205563366413116,-0.14349500834941864,0.15519416332244873
925,0.0719359815120697,-0.27741414308547974,0.0466892272233963
926,0.17498432099819183,-0.16608446836471558,0.06636659055948257
927,0.263798326253891,0.006792293395847082,0.14142745733261108
928,-0.17388573288917542,0.035702407360076904,0.09909931570291519
929,-0.01351968850940466,0.24220910668373108,-0.08500680327415466
930,0.008416306227445602,0.039887089282274246,-0.15941059589385986
931,0.035169944167137146,0.015234924852848053,-0.0762827917933464
932,-0.07622338831424713,0.301505982875824,-0.03285493701696396
933,0.07353618741035461,0.10931628942489624,-0.08961460739374161
934,0.13639001548290253,-0.27753639221191406,-0.04275969788432121
935,-0.01735357567667961,0.05818645656108856,-0.03947388008236885
936,-0.1532006710767746,0.032517582178115845,0.16194431483745575
937,0.0022630125749856234,-0.053642239421606064,0.10699896514415741
938,0.17719176411628723,0.17847909033298492,0.18343320488929749
939,-0.134231835603714,-0.07697615027427673,0.06528168171644211
940,0.06317237764596939,0.04404402896761894,0.2782827913761139
941,-0.2793811857700348,0.08275093138217926,0.09119708091020584
942,0.24515336751937866,0.15588773787021637,-0.02426203340291977
943,0.11177711933851242,0.18534359335899353,-0.17986124753952026
944,0.2525773346424103,0.03222213312983513,0.17016416788101196
945,0.011858828365802765,-0.053340379148721695,0.13240143656730652
946,0.2401672601699829,-0.2144637554883957,-0.12025821208953857
947,-0.10060703754425049,-0.07778168469667435,0.1053130179643631
948,0.03396833688020706,-0.08880424499511719,-0.024243539199233055
949,0.14251716434955597,-0.29162025451660156,-0.31066858768463135
950,-0.1600448489189148,-0.21225647628307343,0.24196597933769226
951,0.03946790099143982,-0.07580184191465378,-0.052521541714668274
952,0.3097898066043854,0.0038720937445759773,-0.0401197150349617
953,-0.1621302366256714,-0.21859140694141388,0.014534177258610725
954,0.11374378204345703,0.21617940068244934,-0.11779934912919998
955,0.021918071433901787,-0.022598253563046455,0.020440367981791496
956,-0.10134200751781464,-0.08040252327919006,0.2298716902732849
957,0.01582498662173748,-0.0789041742682457,-0.14750933647155762
958,-0.07529067993164062,0.0491211898624897,0.10083512216806412
959,0.226302832365036,-0.13012801110744476,0.19086924195289612
960,0.057732924818992615,-0.10737484693527222,-0.002950155409052968
961,0.09244940429925919,0.21057574450969696,0.028635624796152115
962,0.15903277695178986,-0.22629427909851074,-0.05095934867858887
963,-0.07706693559885025,-0.010425318032503128,-0.015353415161371231
964,0.2920463979244232,0.11805351078510284,0.007416005712002516
965,0.04882999137043953,0.013950871303677559,-0.07283500581979752
966,-0.12399360537528992,0.11471769958734512,-0.02311164326965809
967,0.10273414850234985,0.10955951362848282,0.026973996311426163
968,0.08360661566257477,-0.011987918056547642,-0.19068969786167145
969,0.15181772410869598,-0.23755598068237305,-0.1803424060344696
970,-0.2520677447319031,-0.08521203696727753,-0.14801950752735138
971,0.16377916932106018,-0.10232171416282654,-0.020598040893673897
972,0.00891189370304346,0.047034479677677155,0.17002150416374207
973,-0.15841040015220642,0.04160355031490326,0.1159045547246933
974,0.017982926219701767,0.014549624174833298,-0.1686825454235077
975,0.07420664280653,0.09477594494819641,0.025569617748260498
976,0.19048666954040527,-0.11273698508739471,-0.04349733889102936
977,-0.014314140193164349,-0.04081423953175545,-0.16367700695991516
978,-0.0008264698553830385,0.10365486890077591,0.09480690956115723
979,-0.028481723740696907,0.12890903651714325,0.09783826023340225
980,0.10788123309612274,0.03230077773332596,-0.23318639397621155
981,0.28245553374290466,-0.23200786113739014,0.11209412664175034
982,-0.00039356329943984747,-0.10788767784833908,0.23072636127471924
983,0.07095807790756226,-0.0305141843855381,-0.2063528299331665
984,0.060813888907432556,-0.3621595799922943,-0.18269403278827667
985,-0.04081051051616669,-0.11565855145454407,-0.012601125054061413
986,0.06758816540241241,0.27648669481277466,0.09996864199638367
987,0.10224082320928574,0.07150358706712723,-0.08137603104114532
988,0.03349908068776131,0.05850951746106148,-0.07832954823970795
989,0.03845971077680588,0.004145239479839802,0.0663791075348854
990,-0.03255409374833107,0.09926480054855347,-0.16295434534549713
991,0.10398466140031815,-0.04849892109632492,0.02733549103140831
992,-0.027520285919308662,0.1851239800453186,-0.06503535062074661
993,0.12545333802700043,0.017063487321138382,0.1306687891483307
994,-0.054969433695077896,-0.14554980397224426,0.03274940326809883
995,0.13637429475784302,0.010756327770650387,-0.12674808502197266
996,-0.18256983160972595,0.014692502096295357,0.03190165013074875
997,-0.11802195757627487,0.011081704869866371,-0.07178556174039841
998,0.12465550005435944,0.0761110708117485,-0.004916348960250616
999,-0.03805696219205856,0.058977045118808746,-0.126704141497612
