frame,fx,fy,fz
0,3.2167277336120605,-0.8479535579681396,2.6460413932800293
1,0.6194989085197449,-5.0313920974731445,-1.122012972831726
2,4.147856712341309,10.43730640411377,4.787142753601074
3,0.5711053609848022,-8.552391052246094,-6.204039573669434
4,4.48576021194458,-2.8693084716796875,-1.2994959354400635
5,2.6126935482025146,5.160965919494629,7.406527996063232
6,-6.564608573913574,4.897238254547119,1.3876855373382568
7,2.1584761142730713,9.225000381469727,-19.481096267700195
8,3.837414264678955,3.9164953231811523,3.517490863800049
9,-1.715372085571289,5.996844291687012,-9.814179420471191
10,3.203084945678711,0.38506579399108887,2.3873496055603027
11,6.484897613525391,1.8693559169769287,-4.051210880279541
12,-0.952732503414154,-5.914281845092773,0.4296589195728302
13,-3.2624411582946777,-5.496982574462891,-4.554344654083252
14,0.2713843882083893,3.3705708980560303,3.500063180923462
15,1.0874909162521362,10.333748817443848,6.6243977546691895
16,-13.295499801635742,-3.7358250617980957,-3.091465950012207
17,-4.124715805053711,-16.472023010253906,2.3829333782196045
18,-4.1489033699035645,-1.247061848640442,-6.701021671295166
19,6.484913349151611,-11.328622817993164,-4.59750509262085
20,14.01923656463623,1.7824429273605347,-11.418262481689453
21,8.631009101867676,6.907115459442139,8.587286949157715
22,6.968311786651611,-6.585541248321533,-5.115185260772705
23,-3.602191925048828,6.810109615325928,2.839449644088745
24,0.3754318952560425,-8.43132495880127,-12.159104347229004
25,-18.815441131591797,22.47223663330078,7.365588665008545
26,1.2833950519561768,-11.132478713989258,3.576531171798706
27,-5.86345911026001,2.944528102874756,-3.379328489303589
28,5.292327880859375,6.667690753936768,1.8543450832366943
29,-6.683654308319092,2.2013516426086426,-4.835786819458008
30,-12.702274322509766,-10.334025382995605,-7.677506446838379
31,0.9458709359169006,-3.189297914505005,-2.7248847484588623
32,-0.8651807308197021,-3.0960724353790283,5.968051433563232
33,2.98339581489563,-2.7188072204589844,-6.868038654327393
34,1.9790095090866089,-4.921802997589111,-5.255124092102051
35,10.36890983581543,-0.5227558016777039,-12.40927791595459
36,-6.2641096115112305,5.779243469238281,-6.829137325286865
37,-7.7314653396606445,1.7579362392425537,-12.271040916442871
38,-10.578232765197754,-3.6053812503814697,-1.9227149486541748
39,-4.17690372467041,7.347398281097412,-4.891799449920654
40,-4.408440589904785,-8.797375679016113,5.580911636352539
41,-3.2072505950927734,5.175764083862305,2.1554601192474365
42,-8.909978866577148,3.9047083854675293,-3.1845879554748535
43,2.384059190750122,7.346688270568848,-3.051003932952881
44,-7.1912522315979,10.044936180114746,-7.459409713745117
45,1.8198751211166382,-5.304412364959717,8.444869041442871
46,1.7900264263153076,-3.7430355548858643,1.8752708435058594
47,-1.965400218963623,2.5082099437713623,-9.998430252075195
48,-3.324328899383545,10.520450592041016,8.939128875732422
49,-17.171297073364258,0.918961226940155,8.888745307922363
50,-7.206071853637695,3.288942337036133,2.946002244949341
51,-4.864627838134766,3.9714577198028564,3.7410311698913574
52,6.890378475189209,17.269987106323242,-3.2100865840911865
53,8.772968292236328,-7.159199237823486,16.32951545715332
54,-4.265666484832764,-13.448773384094238,3.764212131500244
55,2.0556132793426514,-2.214364528656006,8.799958229064941
56,0.6971900463104248,-6.141908168792725,-3.9556050300598145
57,2.063300848007202,2.4229812622070312,9.790562629699707
58,-8.809538841247559,-7.921645164489746,-13.142431259155273
59,6.775260925292969,-2.4265308380126953,4.476429462432861
60,-5.962621688842773,-2.1578660011291504,-2.1794700622558594
61,5.910791873931885,-0.2400408387184143,3.07505464553833
62,3.654796838760376,-0.909501850605011,-11.991817474365234
63,-7.20150899887085,8.488606452941895,-3.1728506088256836
64,4.7822771072387695,2.7559456825256348,-8.923344612121582
65,4.746949672698975,2.3015708923339844,-12.3438081741333
66,2.8209052085876465,-8.374528884887695,-3.2292332649230957
67,-6.725526332855225,0.8624868392944336,2.9442572593688965
68,1.5190439224243164,9.169537544250488,-6.760900020599365
69,2.5845205783843994,-6.463090896606445,0.3375611901283264
70,-14.587807655334473,9.978919982910156,-6.953395843505859
71,-6.185970783233643,8.96964168548584,1.4090943336486816
72,-5.837306976318359,-2.329083204269409,2.8841099739074707
73,-4.001892566680908,0.15782809257507324,8.390188217163086
74,4.7869439125061035,-15.829328536987305,-11.804779052734375
75,1.9181625843048096,0.39628323912620544,-8.883308410644531
76,12.21371078491211,-3.7123632431030273,-12.85932445526123
77,9.561016082763672,3.2838633060455322,-11.104942321777344
78,0.9122270345687866,14.52524185180664,8.276745796203613
79,0.3478016257286072,8.46682071685791,-9.875184059143066
80,5.323400020599365,-3.377254009246826,10.495471954345703
81,10.27969741821289,-2.2562427520751953,-0.023208854719996452
82,-4.13249397277832,-0.33439990878105164,-1.0653784275054932
83,-14.372039794921875,8.47677993774414,-8.462906837463379
84,-5.741581916809082,-14.792499542236328,6.307901382446289
85,-1.2323601245880127,2.0227346420288086,4.133327960968018
86,8.593324661254883,-4.5080461502075195,-11.894665718078613
87,-7.731842517852783,-4.512183666229248,4.502762317657471
88,-11.758251190185547,0.3215753734111786,-8.515849113464355
89,-3.8945651054382324,-0.14034436643123627,10.268289566040039
90,8.865367889404297,-5.792140483856201,-0.9420510530471802
91,10.473369598388672,-2.1290576457977295,0.6672992706298828
92,-11.125848770141602,-9.373050689697266,10.686692237854004
93,-3.1501784324645996,0.9210344552993774,1.0183193683624268
94,-4.7526164054870605,-5.806326389312744,0.7178881168365479
95,-2.5964927673339844,2.7866787910461426,0.16564331948757172
96,1.687591552734375,-3.680666446685791,0.35053664445877075
97,3.423192024230957,-6.189862251281738,3.5072240829467773
98,-0.07322613894939423,-10.45030689239502,3.096907615661621
99,-1.0548344850540161,-0.18623632192611694,-10.813238143920898
100,15.709737777709961,4.321938991546631,3.1416046619415283
101,-1.528324842453003,2.6914703845977783,8.337020874023438
102,-6.507472991943359,-2.9805848598480225,-7.861091613769531
103,-10.842483520507812,-4.638088703155518,1.2687056064605713
104,-2.357407808303833,5.231792449951172,0.334950715303421
105,4.5208892822265625,10.30875301361084,1.8858575820922852
106,-6.011733055114746,-2.0578839778900146,0.6445940732955933
107,-5.014193058013916,-4.485223770141602,-23.35637855529785
108,-10.326143264770508,3.5534117221832275,2.8557791709899902
109,-3.5429649353027344,-4.287132740020752,-0.634746789932251
110,-0.9687208533287048,1.8878333568572998,1.6994514465332031
111,5.521746635437012,5.287158012390137,14.131678581237793
112,7.912015914916992,-3.4224753379821777,9.498306274414062
113,4.124070167541504,16.222625732421875,-4.804149150848389
114,8.64718246459961,1.0124329328536987,7.516385078430176
115,1.0943745374679565,-14.796067237854004,5.4252214431762695
116,-4.117573261260986,-6.01660680770874,-12.12690258026123
117,-5.54433536529541,-13.508272171020508,-3.853599786758423
118,6.8940935134887695,0.17410622537136078,0.25055351853370667
119,6.189751148223877,-3.4801313877105713,6.76710319519043
120,11.880693435668945,-1.241234302520752,14.734745025634766
121,6.877548694610596,12.725824356079102,0.1869790256023407
122,3.0680441856384277,2.6309890747070312,1.9077425003051758
123,-8.617362976074219,-3.3351082801818848,9.304231643676758
124,7.321495056152344,0.2299627661705017,13.668574333190918
125,7.584046363830566,3.8404011726379395,-2.7822608947753906
126,-1.878629446029663,-10.272943496704102,-4.974054336547852
127,3.4269299507141113,3.529944658279419,-0.11565150320529938
128,4.7797040939331055,-3.9988632202148438,11.694644927978516
129,-1.4346723556518555,-2.531480550765991,-9.367813110351562
130,-5.170671463012695,-3.1208560466766357,3.71712064743042
131,-8.732833862304688,-2.4273884296417236,-0.5387348532676697
132,2.601710319519043,3.734210968017578,0.7396339774131775
133,3.966299057006836,-17.816335678100586,-3.7175276279449463
134,0.8767437934875488,-1.8047083616256714,0.867012083530426
135,8.77894115447998,-1.2601442337036133,6.479062080383301
136,11.77621841430664,8.123661041259766,13.987988471984863
137,6.713897705078125,-3.5501596927642822,-3.34389328956604
138,-4.902777671813965,6.634185791015625,-7.3251142501831055
139,8.904499053955078,-1.3188241720199585,5.985408782958984
140,2.0036509037017822,2.237419605255127,0.3267395496368408
141,2.998194694519043,-0.11200211197137833,0.723339855670929
142,1.6695733070373535,-9.627413749694824,1.2735497951507568
143,3.198721170425415,5.5939154624938965,5.5804443359375
144,-13.055412292480469,6.592757225036621,2.4365932941436768
145,-5.745678424835205,8.385407447814941,-0.117302305996418
146,7.368112564086914,7.196795463562012,4.685995578765869
147,5.691771507263184,-12.910985946655273,4.52507209777832
148,-2.2722294330596924,-6.047048568725586,-1.221675992012024
149,-1.6863517761230469,-2.7207086086273193,-1.4039908647537231
150,5.243684768676758,2.7275848388671875,11.24350643157959
151,5.554566383361816,3.6286232471466064,18.617013931274414
152,8.024599075317383,-8.755736351013184,3.3267877101898193
153,-2.3004541397094727,9.216503143310547,-2.4845495223999023
154,10.433782577514648,-4.702538013458252,6.326169490814209
155,13.86378288269043,-2.48543119430542,2.25536847114563
156,-8.813429832458496,-0.9481185078620911,-9.88100528717041
157,5.887651443481445,3.5025832653045654,7.9084320068359375
158,6.291277885437012,11.86685562133789,-6.495610237121582
159,-4.802621364593506,-7.452276229858398,-25.436189651489258
160,-1.9749449491500854,1.0622602701187134,-8.96988582611084
161,0.809270441532135,4.178674221038818,-7.7446370124816895
162,2.887863874435425,3.292248010635376,0.5566246509552002
163,-1.9467581510543823,12.20461368560791,11.991251945495605
164,-10.540998458862305,0.28710952401161194,4.689058303833008
165,1.5737837553024292,1.7949122190475464,-10.280252456665039
166,-2.3237082958221436,-11.3513765335083,-2.496063709259033
167,4.892776966094971,4.036411762237549,27.095779418945312
168,0.6619001030921936,-1.4393179416656494,-16.174936294555664
169,3.9079980850219727,-12.196268081665039,4.337757587432861
170,-3.6729846000671387,3.4602925777435303,0.5058726668357849
171,-1.890712857246399,7.378810882568359,2.8321468830108643
172,7.599573135375977,3.9384665489196777,7.650208950042725
173,6.972403526306152,-9.479166030883789,-3.6298632621765137
174,6.369143486022949,1.0380995273590088,4.716590881347656
175,-4.709668159484863,7.11286735534668,-6.83814001083374
176,5.929993629455566,-3.2976601123809814,-7.095012187957764
177,-6.420136451721191,1.14083993434906,1.1262695789337158
178,1.9998146295547485,0.12786579132080078,-15.160737037658691
179,11.759761810302734,0.19974863529205322,18.33156967163086
180,-6.446025371551514,6.145332336425781,9.881682395935059
181,-7.674197673797607,3.647514581680298,8.350362777709961
182,-4.748101711273193,6.643912315368652,-0.4029931426048279
183,-11.7392578125,1.7908339500427246,2.171570062637329
184,-28.946460723876953,16.190597534179688,-10.345934867858887
185,8.185964584350586,5.881831169128418,9.361234664916992
186,3.692430019378662,-2.4467644691467285,1.3654701709747314
187,6.464561939239502,11.612247467041016,-1.4635674953460693
188,8.0181303024292,-9.341509819030762,3.133920192718506
189,0.5365794897079468,4.903467655181885,-1.5733848810195923
190,-0.9997225403785706,-2.5165915489196777,-13.606538772583008
191,17.46868324279785,2.3268890380859375,17.46961212158203
192,-6.663914680480957,5.940347194671631,-5.382101535797119
193,-0.7167961597442627,-2.62841796875,2.282100200653076
194,2.9357995986938477,-7.49335241317749,5.029303550720215
195,-5.577589988708496,11.847671508789062,-5.311832904815674
196,7.473855972290039,-5.28656530380249,2.7828142642974854
197,8.985784530639648,-4.317873954772949,3.228752851486206
198,-6.9570631980896,2.027937412261963,2.489722728729248
199,0.4283687174320221,-2.338632106781006,-2.2271792888641357
200,1.093580722808838,-0.6160826683044434,3.1510818004608154
201,-8.037887573242188,2.2888009548187256,-5.627472400665283
202,-0.3950732350349426,11.716617584228516,-3.6893069744110107
203,10.220757484436035,2.3000102043151855,-8.117111206054688
204,2.3555004596710205,-1.347949504852295,1.1045432090759277
205,9.622632026672363,1.7118277549743652,0.12777316570281982
206,6.168110370635986,-8.399184226989746,9.579282760620117
207,-0.279779851436615,5.793649673461914,-2.196662187576294
208,-1.397155523300171,-6.254295349121094,9.187334060668945
209,3.3384158611297607,4.005984306335449,5.479766845703125
210,0.5384820699691772,-0.06651689112186432,3.6059412956237793
211,-8.09627628326416,0.5388286113739014,7.405879020690918
212,-4.641429901123047,-2.6462974548339844,-4.541647911071777
213,-1.7998204231262207,-12.012247085571289,-6.518716812133789
214,3.995842933654785,12.558273315429688,3.3468925952911377
215,-2.440016746520996,-2.3966116905212402,-5.377722263336182
216,11.812911987304688,-6.688899517059326,0.4105830490589142
217,20.974882125854492,-5.139358043670654,38.65437698364258
218,11.341347694396973,-2.835592031478882,11.534991264343262
219,-6.017282009124756,1.8751035928726196,3.443326711654663
220,-6.354118347167969,10.384272575378418,3.8714232444763184
221,-0.7329649925231934,10.881475448608398,1.0433961153030396
222,-3.2740046977996826,-13.263704299926758,-4.145550727844238
223,5.823070526123047,-0.7286896705627441,-8.387451171875
224,2.617593765258789,-6.9616804122924805,5.091030597686768
225,-1.5149178504943848,-2.4856598377227783,10.109149932861328
226,-7.612841606140137,0.5815866589546204,-4.994966983795166
227,7.594803810119629,-3.1272220611572266,-6.283566951751709
228,-9.43712329864502,-5.156156539916992,7.11792516708374
229,1.9326450824737549,7.163383483886719,4.9403886795043945
230,6.033115386962891,-16.051349639892578,-1.987562656402588
231,10.358983039855957,14.068931579589844,-0.7888293266296387
232,-6.61362361907959,7.769392967224121,0.2789331078529358
233,7.9020209312438965,12.774849891662598,-7.7626776695251465
234,5.7476277351379395,-7.651447772979736,-13.041540145874023
235,0.5533732175827026,2.373223304748535,7.468242645263672
236,-5.774993419647217,-12.169113159179688,9.710776329040527
237,-0.9913160800933838,2.307063579559326,-0.7047197818756104
238,8.103691101074219,11.925715446472168,11.138618469238281
239,1.524183750152588,-7.151763916015625,4.061218738555908
240,0.9711814522743225,6.842036247253418,2.053912401199341
241,2.7592241764068604,-1.8044530153274536,-11.695622444152832
242,-3.389887809753418,7.846192836761475,4.195043563842773
243,-3.1645395755767822,17.365577697753906,-1.1659867763519287
244,4.162913799285889,2.1886117458343506,10.6964693069458
245,-3.612931728363037,-4.614833831787109,0.5126270055770874
246,18.061466217041016,0.16423925757408142,1.710138201713562
247,-7.503479957580566,-3.252471446990967,10.4661865234375
248,10.001577377319336,6.055974006652832,8.375519752502441
249,-6.153479099273682,-1.1788066625595093,0.22464556992053986
250,-1.3699811697006226,5.406261444091797,12.519816398620605
251,1.766744613647461,0.8014060258865356,10.672369956970215
252,9.528400421142578,10.420543670654297,-2.837001085281372
253,2.8441426753997803,-5.950479030609131,3.871829032897949
254,-2.933037519454956,2.0022048950195312,-4.018953323364258
255,-3.3029487133026123,-7.070631504058838,-13.25904369354248
256,1.6207199096679688,12.87519645690918,-9.800209045410156
257,2.4321131706237793,-3.391800880432129,14.643762588500977
258,2.5810470581054688,-8.208250999450684,-7.847076416015625
259,11.341951370239258,7.119678497314453,11.8947172164917
260,-4.187994480133057,-8.17908000946045,4.3553690910339355
261,8.951704978942871,-5.581412315368652,9.677366256713867
262,-0.5066962242126465,-5.935066223144531,11.256213188171387
263,10.856467247009277,14.657086372375488,6.675935745239258
264,8.616523742675781,-5.675115585327148,-6.716660976409912
265,-2.7875373363494873,-5.463342666625977,-14.27745246887207
266,-9.483732223510742,-2.975731134414673,1.666396141052246
267,-1.158024549484253,-1.1891112327575684,-2.133985996246338
268,1.2738373279571533,6.953889846801758,1.9051069021224976
269,4.678590297698975,6.97037935256958,8.235785484313965
270,0.6742576360702515,-3.8571298122406006,-1.6939507722854614
271,4.921734809875488,-5.890597343444824,-0.42758432030677795
272,0.06199376657605171,-6.819067001342773,-5.491079807281494
273,-10.103887557983398,-1.3366681337356567,3.6523280143737793
274,11.591452598571777,-1.1126481294631958,-10.880049705505371
275,0.6849182844161987,-13.1990327835083,6.9481658935546875
276,-1.113886833190918,-0.6443402767181396,2.889589309692383
277,-6.7736101150512695,-5.129633903503418,-1.907275915145874
278,-9.602516174316406,2.5598154067993164,-7.392433166503906
279,-21.195842742919922,-14.386539459228516,-18.5394229888916
280,-7.961028099060059,0.6081294417381287,-2.574397087097168
281,0.17152872681617737,6.477132320404053,6.98727560043335
282,0.7673676013946533,21.62844467163086,1.823500633239746
283,-1.4098484516143799,9.416865348815918,1.2637351751327515
284,2.138012647628784,2.90588641166687,6.330836296081543
285,-16.205280303955078,4.7329912185668945,-6.546084880828857
286,6.323471546173096,-7.894043445587158,9.367873191833496
287,-10.564736366271973,0.023853976279497147,2.5933189392089844
288,10.082143783569336,1.5177947282791138,7.7706499099731445
289,-7.296100616455078,2.10857892036438,-9.0401029586792
290,6.49632453918457,-6.2871928215026855,-5.125998497009277
291,4.578503608703613,7.783379077911377,5.4319329261779785
292,1.1634502410888672,-3.612403631210327,0.38923290371894836
293,1.982472538948059,1.0253639221191406,4.445470333099365
294,5.747861862182617,2.6642773151397705,4.529751300811768
295,-15.384961128234863,-3.6019983291625977,0.5350973010063171
296,5.300848960876465,-14.319204330444336,-7.271064758300781
297,0.661494255065918,1.0005446672439575,-20.667802810668945
298,0.35036414861679077,0.8639938831329346,0.21119064092636108
299,3.394064426422119,-4.043708324432373,-9.537322044372559
300,-3.882322311401367,-8.432735443115234,-4.866725444793701
301,-6.585230827331543,-2.1739628314971924,4.206578254699707
302,7.069892883300781,-7.585191249847412,10.450648307800293
303,16.166440963745117,1.4954626560211182,3.2899398803710938
304,-19.323989868164062,7.2951788902282715,-4.569678783416748
305,4.863374710083008,-2.069929361343384,-3.1640682220458984
306,-6.485293388366699,-2.742431402206421,7.884411334991455
307,11.918477058410645,14.861597061157227,-3.787637710571289
308,-6.733615398406982,4.82196044921875,2.3765575885772705
309,-11.630084991455078,3.0963218212127686,-1.6430307626724243
310,1.9495658874511719,-12.52049446105957,-0.6051846146583557
311,0.6442991495132446,-7.024818420410156,-5.50547981262207
312,13.050517082214355,-10.1414155960083,13.961421966552734
313,9.103181838989258,-7.8331780433654785,-11.609012603759766
314,-0.7179179787635803,-5.802979469299316,-4.161792755126953
315,-1.0030982494354248,2.293336868286133,-3.978368043899536
316,4.920835018157959,-2.3764326572418213,-8.465902328491211
317,-8.978226661682129,0.2740584909915924,-5.099268436431885
318,-12.383672714233398,7.637007713317871,-8.640829086303711
319,15.02602481842041,-3.9050350189208984,14.806326866149902
320,6.385027885437012,11.128437042236328,5.665924072265625
321,-6.977726936340332,5.6096601486206055,2.9988389015197754
322,-3.9058146476745605,-6.581310749053955,3.0639240741729736
323,0.6792965531349182,0.5032055974006653,-1.580186128616333
324,-8.817322731018066,8.270289421081543,3.044731378555298
325,-13.338401794433594,2.3138203620910645,-4.6113433837890625
326,-14.31893253326416,2.8008670806884766,4.377610683441162
327,-5.538484573364258,-6.823974609375,-10.655468940734863
328,2.930471658706665,3.909336566925049,-6.552402973175049
329,3.888197898864746,-0.664885938167572,8.641220092773438
330,13.597272872924805,14.591886520385742,6.821625232696533
331,-10.937568664550781,2.4092118740081787,0.5672405362129211
332,-8.427536964416504,5.067135810852051,-4.4919586181640625
333,1.367445468902588,-13.023334503173828,-1.8290376663208008
334,-0.1279335618019104,-1.6993095874786377,-2.065422296524048
335,-9.076516151428223,16.224966049194336,-3.455296039581299
336,2.0888490676879883,-3.094848155975342,16.871431350708008
337,4.6477155685424805,-5.179941654205322,-5.646818161010742
338,7.040083408355713,3.601471185684204,-9.041441917419434
339,0.20449501276016235,5.7902069091796875,-15.816311836242676
340,7.92260217666626,-1.1853772401809692,-8.930329322814941
341,8.420048713684082,3.197075128555298,-8.78085994720459
342,9.071916580200195,-15.939665794372559,6.030609130859375
343,-0.10587506741285324,4.615584373474121,-7.413167953491211
344,4.6894307136535645,6.482272624969482,10.233491897583008
345,7.7689313888549805,4.899472236633301,-1.3208101987838745
346,-1.5804110765457153,8.613874435424805,-6.76816987991333
347,2.069181442260742,-6.632964134216309,7.025932788848877
348,3.450389862060547,2.9314956665039062,1.8968429565429688
349,-10.958745956420898,-5.232443332672119,-0.18334510922431946
350,-7.779107570648193,-2.310852289199829,-0.127711221575737
351,9.25493335723877,-14.075108528137207,1.2934917211532593
352,-1.4064936637878418,5.978951930999756,5.887806415557861
353,5.269855499267578,-4.069284915924072,-3.140422821044922
354,-6.382762908935547,-0.13251473009586334,-0.7169013023376465
355,10.805124282836914,9.256810188293457,4.256401538848877
356,-0.9075224995613098,-1.5025537014007568,-4.878933906555176
357,-7.511415004730225,-4.684751510620117,6.723034381866455
358,-2.3823161125183105,6.074094772338867,-2.5601136684417725
359,7.009853839874268,2.431769609451294,0.3294603228569031
360,-5.45682954788208,8.189680099487305,14.717150688171387
361,1.6908841133117676,-0.476203978061676,3.1867244243621826
362,6.701468467712402,-0.8040505647659302,8.205668449401855
363,-6.090057373046875,-15.263389587402344,0.5551254749298096
364,0.3067103624343872,-5.64743709564209,-1.7509329319000244
365,10.539535522460938,-0.05136913061141968,14.764632225036621
366,2.3192763328552246,-5.309689521789551,-19.23653221130371
367,-0.09054646641016006,-3.92374849319458,8.474396705627441
368,1.3776240348815918,8.251374244689941,5.684411525726318
369,-0.3326570689678192,2.407647132873535,9.966083526611328
370,2.5726261138916016,-0.6858115792274475,10.468334197998047
371,-5.970220565795898,-2.138521671295166,1.7756638526916504
372,-2.695005416870117,-3.3854875564575195,11.60896110534668
373,0.675775408744812,-7.207819938659668,-10.819570541381836
374,3.558283805847168,1.5881364345550537,1.5586656332015991
375,6.6356000900268555,-12.301617622375488,7.563014030456543
376,2.5598206520080566,-6.495050430297852,4.190080642700195
377,2.0221400260925293,5.634913921356201,2.9870991706848145
378,2.1373682022094727,1.8831861019134521,-5.718621730804443
379,-1.338146686553955,-3.4908809661865234,-2.886165142059326
380,4.416928768157959,12.077349662780762,-1.6655652523040771
381,2.6587586402893066,-0.7571570873260498,-2.0092899799346924
382,5.956038951873779,-0.1631559282541275,-16.814401626586914
383,-3.263213634490967,-4.040804862976074,-4.532283782958984
384,-9.264115333557129,-2.273160696029663,12.069326400756836
385,1.217162013053894,-13.977348327636719,-0.1495520919561386
386,18.027908325195312,-9.981027603149414,-9.962630271911621
387,19.303787231445312,9.021728515625,-12.20234489440918
388,1.3900314569473267,0.4050929546356201,7.217607498168945
389,-3.1345996856689453,7.335744380950928,-4.399042129516602
390,-22.519437789916992,11.120468139648438,-6.669891357421875
391,2.592978000640869,-0.4757712781429291,1.6383897066116333
392,-2.5824623107910156,15.841400146484375,-1.7258344888687134
393,1.4739817380905151,1.4742629528045654,-0.5728535056114197
394,7.996604919433594,-4.394622802734375,-2.4197006225585938
395,12.991525650024414,4.567350387573242,8.389571189880371
396,-0.6931880712509155,-12.782363891601562,-9.951295852661133
397,-18.712787628173828,18.41327667236328,-14.432387351989746
398,-3.131749391555786,1.6418975591659546,-1.6603772640228271
399,0.7927604913711548,-5.425312519073486,-2.2932488918304443
400,-1.2399052381515503,0.36548149585723877,-0.4805620312690735
401,9.350489616394043,5.113546371459961,3.4264168739318848
402,1.0370386838912964,-4.725109577178955,-9.151288986206055
403,7.483173370361328,-10.181516647338867,4.650523662567139
404,7.805824279785156,-0.7050579190254211,12.88598918914795
405,11.723824501037598,-6.64128303527832,-5.175166606903076
406,4.615070343017578,-12.36220932006836,-10.26325798034668
407,1.9419569969177246,-2.2425644397735596,-0.4253176152706146
408,3.843287229537964,-13.09019660949707,6.35046911239624
409,8.748645782470703,-5.821140289306641,-1.638875126838684
410,6.915077209472656,-2.1732590198516846,7.32309627532959
411,-3.2717130184173584,7.656163692474365,8.789754867553711
412,1.9568052291870117,2.6663951873779297,-1.0052016973495483
413,2.573026180267334,11.6678466796875,0.5015548467636108
414,1.5572553873062134,1.386838436126709,-4.463839530944824
415,9.098685264587402,16.48070526123047,4.875520706176758
416,-2.7824554443359375,-0.5486589670181274,5.605013370513916
417,-4.595823764801025,-3.1948676109313965,-1.9102914333343506
418,-0.8800944089889526,12.255910873413086,-7.037295341491699
419,-13.2448091506958,-2.071974277496338,15.31820297241211
420,0.6385297775268555,0.6018947958946228,-3.6921298503875732
421,5.791528701782227,1.2760310173034668,25.9202938079834
422,-3.6839652061462402,-4.65073299407959,-2.0714685916900635
423,-0.37911292910575867,14.23353099822998,10.246428489685059
424,-14.012422561645508,9.31057071685791,-9.207845687866211
425,-2.1828901767730713,8.417954444885254,0.3899925649166107
426,-7.990211486816406,-1.1980124711990356,-1.8513946533203125
427,-2.728313446044922,6.748447418212891,-3.1583526134490967
428,10.545930862426758,2.143589496612549,-15.810693740844727
429,-4.001964092254639,-3.230437994003296,-1.4443426132202148
430,3.762545347213745,0.7387893199920654,-6.601585865020752
431,-13.144332885742188,11.279361724853516,-8.262158393859863
432,-2.8229711055755615,-5.750022888183594,1.1052263975143433
433,2.905271291732788,-8.150074005126953,-7.557687759399414
434,8.61119556427002,-3.7669503688812256,0.8550223708152771
435,1.5768954753875732,0.49733638763427734,4.211443901062012
436,-1.0963847637176514,3.7404253482818604,6.064842224121094
437,8.985547065734863,3.5885868072509766,-7.8286213874816895
438,11.172897338867188,-0.30751124024391174,2.5768792629241943
439,5.008725643157959,2.9670379161834717,11.340924263000488
440,8.121419906616211,5.392991065979004,9.948770523071289
441,0.6237481236457825,0.4664445221424103,1.5664288997650146
442,10.608341217041016,-8.604034423828125,-7.843851566314697
443,3.6491808891296387,5.079165458679199,-11.93006706237793
444,1.8328441381454468,-3.562427520751953,-4.7267303466796875
445,7.421851634979248,12.732770919799805,23.384017944335938
446,-10.400495529174805,10.812539100646973,4.161029815673828
447,-1.8627514839172363,0.17761743068695068,-2.1340889930725098
448,5.464141368865967,-9.282790184020996,4.464510917663574
449,-2.48193097114563,0.7083514332771301,-3.361583709716797
450,14.442882537841797,4.756523609161377,16.731576919555664
451,4.383340835571289,-14.220136642456055,-8.845184326171875
452,3.4614598751068115,1.2924470901489258,9.070408821105957
453,2.4054183959960938,0.2024082988500595,-10.020661354064941
454,0.4060691297054291,-2.9335925579071045,-11.29588508605957
455,-3.750715732574463,-5.291282653808594,11.896039962768555
456,10.176595687866211,-6.249411106109619,-3.5858354568481445
457,-1.3241736888885498,0.4425925016403198,-5.4804582595825195
458,-3.940575122833252,-6.124069690704346,-10.189934730529785
459,2.5610780715942383,-3.6692910194396973,-7.728120803833008
460,9.616284370422363,0.14473846554756165,0.46652349829673767
461,1.0479804277420044,-0.9339200258255005,5.554533004760742
462,1.9867836236953735,-3.487363338470459,11.737762451171875
463,-2.3743205070495605,-2.7134571075439453,-2.497171401977539
464,-5.22820520401001,6.871144771575928,7.346151351928711
465,-2.1480581760406494,4.43894100189209,-0.7091339826583862
466,0.7456492781639099,-16.100610733032227,-16.8879337310791
467,-0.6197749972343445,10.103116989135742,-2.6029088497161865
468,4.628043174743652,-2.425340175628662,0.6964938640594482
469,-1.3738458156585693,-3.396470308303833,-3.4049389362335205
470,8.124472618103027,4.16445255279541,-3.6284446716308594
471,3.9666531085968018,13.324230194091797,4.617714881896973
472,2.9184064865112305,6.112277507781982,5.559753894805908
473,-0.602387011051178,-5.9447760581970215,-5.148209571838379
474,-2.084831953048706,10.597238540649414,-0.06601999700069427
475,-1.10052490234375,-11.653447151184082,-5.186751365661621
476,3.8433539867401123,4.209125995635986,20.62120819091797
477,-6.123828411102295,-1.537254810333252,-9.668929100036621
478,-6.283419609069824,-5.1340508460998535,-5.735020160675049
479,-0.7573478817939758,7.754284858703613,10.130084991455078
480,-4.633188247680664,2.620548963546753,-1.880642294883728
481,-9.596940994262695,-3.8707170486450195,-2.067399740219116
482,-5.469620227813721,10.910697937011719,-4.902585983276367
483,1.4362918138504028,1.6384010314941406,-0.6496226787567139
484,4.082138538360596,1.3740860223770142,3.0508956909179688
485,0.545926570892334,7.169609546661377,6.29727840423584
486,-1.0588884353637695,2.59194016456604,-1.6624194383621216
487,5.042214393615723,5.184244632720947,-7.071699142456055
488,7.739635467529297,-7.628598690032959,5.129010200500488
489,-1.6417667865753174,-4.597987174987793,-6.7165632247924805
490,3.8868160247802734,-8.520973205566406,-3.576972246170044
491,-2.782118558883667,3.448474407196045,-10.261054039001465
492,-10.718790054321289,-1.5959035158157349,12.605189323425293
493,4.506017684936523,7.682157039642334,-1.9428026676177979
494,2.539689540863037,-4.733983039855957,1.5633927583694458
495,3.455512046813965,-3.7395219802856445,11.776613235473633
496,-6.068687438964844,14.790388107299805,-3.3836328983306885
497,-0.7520645260810852,-7.53620719909668,-4.300760269165039
498,6.269171237945557,-16.18836212158203,-12.21108341217041
499,-3.247878074645996,-4.820335388183594,22.597482681274414
500,-8.985264778137207,5.836483001708984,8.146525382995605
501,15.217904090881348,-3.7150845527648926,7.2494964599609375
502,-0.5009139776229858,6.662654876708984,-10.579971313476562
503,9.638936042785645,-6.536744117736816,-6.91682243347168
504,9.506047248840332,-1.4013221263885498,-6.076272964477539
505,8.349425315856934,3.1313834190368652,-0.7833889126777649
506,-11.155597686767578,8.249227523803711,3.9641311168670654
507,-12.814088821411133,3.3922195434570312,-0.5273829698562622
508,7.268684387207031,-2.131215810775757,5.642067909240723
509,2.231757402420044,6.263010501861572,5.576900482177734
510,-0.3087775707244873,-7.252617835998535,3.2043356895446777
511,-6.75047492980957,1.44364595413208,5.250105857849121
512,-4.9857354164123535,-1.5347813367843628,-2.1314280033111572
513,7.150321960449219,-0.9034292697906494,-3.453964948654175
514,-4.6883745193481445,-4.005439758300781,3.2358131408691406
515,-6.622631549835205,16.576080322265625,10.928411483764648
516,-10.306966781616211,-2.6489522457122803,-4.661264419555664
517,-9.419007301330566,0.3445371985435486,-9.780024528503418
518,10.169652938842773,5.430514335632324,11.479713439941406
519,14.777153015136719,10.846681594848633,0.3308812379837036
520,-6.813730716705322,-4.935649871826172,-4.760525703430176
521,-1.9227445125579834,-0.028234049677848816,3.230947256088257
522,-15.396990776062012,2.5564324855804443,-10.753512382507324
523,-0.8956783413887024,8.331718444824219,-0.36439093947410583
524,5.139010429382324,-3.5879955291748047,7.282684326171875
525,6.440996170043945,-9.63616943359375,8.033265113830566
526,-8.85534381866455,6.496862888336182,-5.268023490905762
527,-0.5049977898597717,1.920224905014038,3.454521894454956
528,0.7199340462684631,-4.007842063903809,-14.919418334960938
529,3.3143911361694336,8.400766372680664,3.4928152561187744
530,-3.1576642990112305,-1.706276535987854,-4.303215503692627
531,-2.5340137481689453,-5.35237979888916,2.5238208770751953
532,-16.348901748657227,14.730709075927734,-11.154159545898438
533,5.555682182312012,-10.44521713256836,5.548038005828857
534,6.310036659240723,3.5152337551116943,9.957626342773438
535,2.7026352882385254,-2.2184624671936035,2.4195444583892822
536,11.314138412475586,-1.0526435375213623,15.945615768432617
537,-1.9303748607635498,2.6240124702453613,-4.113991737365723
538,-4.950758457183838,-1.7726330757141113,-7.60089111328125
539,8.438067436218262,-12.465877532958984,-2.08388352394104
540,0.08614414930343628,1.8141604661941528,-6.013092994689941
541,6.254947185516357,0.07237645983695984,-8.87613582611084
542,5.088666915893555,-3.386751413345337,-3.5057382583618164
543,7.997579097747803,-4.503585338592529,3.890540838241577
544,9.985620498657227,-1.039131999015808,-6.641834259033203
545,-1.9386178255081177,4.276183128356934,4.64802360534668
546,3.779460906982422,1.670074224472046,7.872650146484375
547,-1.7361366748809814,-4.600478172302246,16.70403480529785
548,-2.8224477767944336,-5.00930118560791,0.7279366850852966
549,7.690174102783203,-3.9753060340881348,-6.633852958679199
550,0.4198671579360962,-0.7655369639396667,7.6544342041015625
551,8.785969734191895,3.6205430030822754,-13.823125839233398
552,-5.705941200256348,2.451629638671875,3.4092345237731934
553,-11.052069664001465,13.548519134521484,-10.685105323791504
554,12.063285827636719,17.95486068725586,1.8688838481903076
555,15.81357192993164,-19.871170043945312,3.0865836143493652
556,9.68715763092041,-6.350503444671631,1.105310082435608
557,1.5448932647705078,6.95744514465332,1.0638562440872192
558,-3.315248727798462,9.63917064666748,-0.42687463760375977
559,-3.2952113151550293,-6.858639240264893,-1.1654911041259766
560,-17.27963638305664,11.293730735778809,-11.873353958129883
561,13.084156036376953,18.14984893798828,4.793478965759277
562,3.990367889404297,1.0222917795181274,-6.010530471801758
563,0.9922113418579102,23.11417007446289,2.3261685371398926
564,-5.048713207244873,15.942830085754395,-9.055489540100098
565,1.6493719816207886,0.0859493613243103,7.0321044921875
566,-14.625696182250977,2.5676772594451904,-0.28172698616981506
567,-3.5050249099731445,7.061085224151611,0.16740357875823975
568,-3.0697081089019775,-2.100341320037842,8.62845516204834
569,4.6329216957092285,-4.991330146789551,8.291034698486328
570,2.5487265586853027,1.4888404607772827,-5.963649749755859
571,11.456269264221191,5.252540111541748,12.386664390563965
572,-9.583904266357422,-4.681970119476318,-5.786436080932617
573,0.24854955077171326,3.6202595233917236,9.288140296936035
574,-4.870981693267822,7.134775161743164,-3.789811611175537
575,0.9658559560775757,-3.0041770935058594,-7.832874774932861
576,-1.584478735923767,13.338407516479492,-2.0727720260620117
577,-6.491292953491211,-0.9495948553085327,2.146313428878784
578,5.783819675445557,-0.9509983062744141,-9.266583442687988
579,3.690525531768799,-1.6927947998046875,-2.1157608032226562
580,-5.27947998046875,7.387106895446777,10.227814674377441
581,7.447869777679443,0.7287186980247498,-3.552454710006714
582,2.379415273666382,5.219923973083496,-4.619922637939453
583,-0.039932720363140106,15.905799865722656,-6.415702819824219
584,-3.1975672245025635,4.937615394592285,-4.996672630310059
585,-0.822752833366394,9.062768936157227,-17.758012771606445
586,-13.137803077697754,6.35804557800293,-2.0044989585876465
587,8.513158798217773,-1.0392009019851685,-0.6596319675445557
588,-6.990362167358398,-0.2524867653846741,3.2671589851379395
589,-1.8418526649475098,-4.640212535858154,10.390395164489746
590,0.8204748630523682,4.680892467498779,14.138794898986816
591,1.4311819076538086,-8.627957344055176,2.805819272994995
592,-12.502725601196289,-10.195141792297363,7.919203758239746
593,-0.5617848634719849,-15.545172691345215,7.872133731842041
594,6.028765678405762,8.281754493713379,10.762065887451172
595,2.6219329833984375,-1.8839569091796875,-3.454430341720581
596,0.21079646050930023,-13.403611183166504,2.2968740463256836
597,-1.9069263935089111,10.528364181518555,3.187037706375122
598,10.339101791381836,17.81866455078125,-1.7329585552215576
599,-4.160954475402832,-2.1529974937438965,-0.047545626759529114
600,-6.323141098022461,-2.003931760787964,2.4034249782562256
601,-2.344820261001587,-9.878049850463867,-1.0601170063018799
602,-0.40606778860092163,3.3710148334503174,7.900496006011963
603,5.412357330322266,-3.5499496459960938,-0.49478843808174133
604,-6.894806861877441,7.916226863861084,2.3280818462371826
605,-0.4626081585884094,4.628727436065674,-4.135047912597656
606,-2.0283126831054688,0.5679300427436829,-1.770241141319275
607,-11.003107070922852,4.715527057647705,-7.872597694396973
608,-16.19841957092285,-3.2995872497558594,-6.297880172729492
609,18.12558364868164,-32.910221099853516,-2.9801759719848633
610,5.557546615600586,35.175846099853516,6.512438774108887
611,-9.555182456970215,-9.078237533569336,-9.325608253479004
612,-0.7878555059432983,-1.8027435541152954,-2.252163887023926
613,-10.07583999633789,20.882667541503906,-3.3347928524017334
614,-0.6853839159011841,-4.201979160308838,1.774923324584961
615,-3.846303939819336,-0.045747388154268265,1.6802546977996826
616,-7.987959861755371,0.9689860939979553,-4.268045425415039
617,-3.354945182800293,4.310082912445068,3.127213478088379
618,8.400382995605469,-8.860913276672363,6.079683780670166
619,-0.32404032349586487,-2.3652610778808594,6.656854629516602
620,-9.103121757507324,-5.98123836517334,-2.2016854286193848
621,3.227985382080078,5.394168853759766,4.380760192871094
622,10.644240379333496,12.216639518737793,-3.1548824310302734
623,-0.06442390382289886,4.731712818145752,4.1698384284973145
624,4.3132805824279785,-5.952153205871582,-12.29204273223877
625,-3.238715887069702,3.2994227409362793,9.263628959655762
626,-2.6913001537323,-6.134396553039551,-17.831504821777344
627,2.789790391921997,-0.4040171205997467,-2.036485433578491
628,-5.604891300201416,-8.586058616638184,2.611926794052124
629,9.76417350769043,-7.990535736083984,0.5197123885154724
630,2.7135536670684814,0.739753246307373,9.308344841003418
631,9.966489791870117,19.888111114501953,-2.0313456058502197
632,-2.7871570587158203,2.133344888687134,-5.561114311218262
633,0.04564545303583145,-7.891724586486816,3.9093875885009766
634,-0.22162608802318573,-1.6365342140197754,-1.598084568977356
635,-13.923009872436523,0.2851913571357727,2.1465024948120117
636,4.282729625701904,-1.8094518184661865,4.784635066986084
637,12.347532272338867,4.857760429382324,-4.418698787689209
638,-7.3029351234436035,-6.884960651397705,2.984882354736328
639,-4.561213493347168,6.237739562988281,-2.3880350589752197
640,4.847910404205322,-2.497377872467041,8.701216697692871
641,2.9014954566955566,0.1514885425567627,26.92435073852539
642,9.118988990783691,-5.764215469360352,-4.327929973602295
643,3.3275058269500732,3.3841915130615234,-11.763643264770508
644,-17.031511306762695,4.974240779876709,2.444378137588501
645,9.296989440917969,-2.023837089538574,-2.39664363861084
646,-7.981714248657227,-6.451563835144043,1.7819617986679077
647,7.865711212158203,1.7835693359375,6.134068965911865
648,9.150008201599121,-9.911880493164062,-9.09963321685791
649,8.720518112182617,9.494929313659668,-11.621159553527832
650,-0.6698864698410034,-4.444855690002441,2.046964168548584
651,14.77804183959961,-14.087237358093262,0.39999884366989136
652,-2.8492727279663086,7.608153343200684,4.032877445220947
653,-8.331377029418945,15.045876502990723,6.051573276519775
654,-4.376370429992676,-16.662036895751953,-7.632753372192383
655,-2.332930564880371,-8.811362266540527,2.906482219696045
656,15.00726318359375,-4.466533660888672,-5.8200225830078125
657,10.850714683532715,15.644062995910645,-3.8073313236236572
658,-10.82510757446289,-8.598217010498047,7.032476425170898
659,12.962697982788086,-1.6090725660324097,-7.724351406097412
660,-2.2293951511383057,-7.958230972290039,3.787538528442383
661,-5.233864784240723,-4.497647762298584,4.811643600463867
662,-1.681751012802124,-2.7293028831481934,-5.1694722175598145
663,0.7643225789070129,-3.2022862434387207,-2.981761932373047
664,-4.993982791900635,-0.3770422637462616,12.336198806762695
665,2.6608755588531494,6.4291486740112305,-0.780485212802887
666,0.6812921762466431,-6.784049987792969,-10.801921844482422
667,7.198634624481201,-4.76522970199585,-6.375286102294922
668,3.6941261291503906,4.954205513000488,1.8481122255325317
669,-5.403770446777344,-10.999996185302734,12.667268753051758
670,1.45408034324646,7.31195068359375,5.702982425689697
671,2.73618483543396,-1.58085298538208,1.3344520330429077
672,1.651418685913086,-0.8532988429069519,5.5797319412231445
673,5.534490585327148,-10.772357940673828,14.259800910949707
674,7.954256057739258,-1.191042184829712,-6.985025882720947
675,7.095799922943115,-9.582414627075195,15.020870208740234
676,8.460637092590332,7.406683921813965,7.4993414878845215
677,5.535768985748291,10.026856422424316,8.473424911499023
678,-6.404087543487549,1.904206395149231,4.9767985343933105
679,4.793634414672852,2.1469874382019043,0.31375861167907715
680,7.3229522705078125,-10.104421615600586,-8.505913734436035
681,-6.033934593200684,-10.347322463989258,-13.016380310058594
682,2.209350347518921,5.627508163452148,-1.6880792379379272
683,4.69435453414917,4.487263202667236,-7.062922477722168
684,0.012146396562457085,-13.420450210571289,2.1641721725463867
685,-5.783758640289307,-18.204875946044922,-10.380476951599121
686,-7.265544414520264,-9.161778450012207,4.746055603027344
687,-3.130936861038208,-13.548595428466797,9.413079261779785
688,-9.227706909179688,4.3299431800842285,1.1406135559082031
689,3.068734645843506,-2.3995814323425293,-4.308549880981445
690,-2.679689884185791,5.073119163513184,-4.049685955047607
691,12.717700958251953,2.28606915473938,-10.70864486694336
692,-8.707124710083008,-7.868649959564209,-0.6185121536254883
693,-1.333543300628662,7.566565990447998,-4.945814609527588
694,-1.010764718055725,1.042196273803711,7.2612996101379395
695,15.161322593688965,-2.0674357414245605,20.377723693847656
696,8.513444900512695,1.2154533863067627,10.237508773803711
697,-2.84503436088562,-2.6813244819641113,5.056352615356445
698,-5.442525863647461,-2.7939512729644775,-8.125526428222656
699,5.690922260284424,6.666447639465332,6.268765926361084
700,2.216984510421753,-4.889830589294434,1.4041035175323486
701,-3.0069401264190674,3.232844829559326,-4.037564754486084
702,0.63041752576828,-13.000772476196289,0.6100803017616272
703,2.862680196762085,-0.3630465567111969,3.666926622390747
704,-4.635616779327393,-0.7872000932693481,4.288559913635254
705,-12.006192207336426,6.527106761932373,2.1674466133117676
706,12.081716537475586,4.49613094329834,2.598780632019043
707,1.4779411554336548,2.1120338439941406,-9.670467376708984
708,3.7666378021240234,-0.6645140051841736,11.805753707885742
709,-2.448245048522949,6.608931541442871,-8.335647583007812
710,-0.995464026927948,-2.4556632041931152,-3.546234130859375
711,10.798224449157715,-27.94002342224121,16.26704978942871
712,6.462091445922852,9.947937965393066,-8.599703788757324
713,-4.811729907989502,-5.822175025939941,3.133894920349121
714,-5.373796463012695,-4.195019721984863,-3.2524893283843994
715,9.308469772338867,6.058233261108398,-4.208458423614502
716,0.1707289218902588,7.674868106842041,0.8424564599990845
717,-1.042542815208435,-4.818050861358643,7.812778949737549
718,9.346834182739258,-8.769927978515625,10.954375267028809
719,12.280017852783203,-0.026938093826174736,-3.8929250240325928
720,0.6737657785415649,-2.543041467666626,10.080504417419434
721,2.124655246734619,-10.802811622619629,3.5334606170654297
722,0.8311558961868286,2.2207753658294678,-4.246938705444336
723,0.9194476008415222,20.07967185974121,5.8138885498046875
724,-5.726553916931152,0.37948018312454224,12.168573379516602
725,-1.9339793920516968,-0.9708099961280823,5.327395915985107
726,2.8652498722076416,23.752532958984375,-3.641216516494751
727,-3.291961669921875,3.731184959411621,6.5673112869262695
728,-2.1300384998321533,4.219511032104492,2.0556514263153076
729,3.3538639545440674,-1.2596880197525024,2.990576982498169
730,-2.978627920150757,-6.082133769989014,-6.007076263427734
731,-4.797304153442383,0.5562115907669067,6.4631757736206055
732,-8.187763214111328,4.964372158050537,-1.3383930921554565
733,0.12607502937316895,11.51555061340332,2.6813924312591553
734,2.7460920810699463,-1.9277704954147339,-14.448648452758789
735,3.538808584213257,-5.478325843811035,4.947607040405273
736,1.484708309173584,6.9901556968688965,4.423186302185059
737,6.9218549728393555,-2.8426637649536133,5.175531387329102
738,22.56839942932129,9.349081039428711,6.445942401885986
739,-9.803735733032227,-10.9810152053833,-1.8031047582626343
740,-3.620198965072632,6.4923787117004395,-3.262756109237671
741,4.877030849456787,-1.3694686889648438,12.465027809143066
742,-11.591924667358398,6.506536483764648,-5.668127059936523
743,-19.499929428100586,-8.148801803588867,6.170327663421631
744,-15.173395156860352,13.035743713378906,-3.280470132827759
745,4.156223297119141,2.851489543914795,-4.8797221183776855
746,-3.453866481781006,-7.594377517700195,0.4516051411628723
747,6.698291778564453,-15.02391242980957,-1.3014875650405884
748,5.613455295562744,-7.873027801513672,2.4235072135925293
749,-5.954253673553467,11.736387252807617,-2.332214832305908
750,2.382615089416504,4.423000335693359,-6.504754543304443
751,-6.640235900878906,9.723589897155762,-7.641346454620361
752,13.402729034423828,1.4989627599716187,-8.496644020080566
753,4.581993579864502,-9.455172538757324,-0.2462383508682251
754,-13.375863075256348,-8.48404598236084,-0.2280416190624237
755,-17.216392517089844,4.875056743621826,-7.58840274810791
756,-10.178201675415039,4.933032035827637,-7.971607208251953
757,0.22835975885391235,-8.390040397644043,-12.039900779724121
758,3.5326125621795654,-10.585936546325684,4.4812703132629395
759,2.762742519378662,0.4103873372077942,-1.7171597480773926
760,-1.9623218774795532,4.180274963378906,-14.246646881103516
761,0.06950778514146805,6.590213298797607,1.8758760690689087
762,-1.6908833980560303,-8.422622680664062,-8.11002254486084
763,-7.339443683624268,6.693470478057861,-3.96809458732605
764,10.915360450744629,-2.4183268547058105,-3.1935276985168457
765,2.268904685974121,-9.234661102294922,-7.890052318572998
766,-3.9892935752868652,2.8867874145507812,-3.032504081726074
767,-3.970148801803589,1.6142319440841675,4.67568302154541
768,-6.0450239181518555,-6.118771553039551,11.529561042785645
769,-5.950648307800293,-9.611072540283203,4.866843223571777
770,-0.7723872661590576,6.5912909507751465,2.245831251144409
771,0.10445195436477661,1.4782848358154297,22.27791976928711
772,-3.944606304168701,0.7609198093414307,-6.812170028686523
773,6.597575664520264,-3.451186180114746,3.2495970726013184
774,-0.9293234348297119,-12.262609481811523,9.655296325683594
775,0.9739058613777161,-10.900569915771484,-6.587080478668213
776,-9.263775825500488,-10.118783950805664,3.9224348068237305
777,10.831650733947754,-20.063129425048828,-1.3223073482513428
778,1.4183754920959473,-0.44561445713043213,16.918733596801758
779,2.177981376647949,4.890405178070068,4.567174434661865
780,-2.7953827381134033,11.422327041625977,8.299661636352539
781,2.822746992111206,-3.882143497467041,2.475097179412842
782,4.645659923553467,3.325812339782715,-3.9293642044067383
783,-3.7103912830352783,-2.097393751144409,-2.5828490257263184
784,-0.9513102769851685,0.3088497221469879,-21.363304138183594
785,7.244405746459961,-0.3155156373977661,-11.155806541442871
786,8.208809852600098,-6.094755172729492,-1.5056936740875244
787,6.4135308265686035,3.4722816944122314,11.665352821350098
788,4.304299831390381,8.854704856872559,-7.755932331085205
789,9.435052871704102,-10.558368682861328,5.935940742492676
790,-0.08362805843353271,-3.1618869304656982,-3.8101565837860107
791,0.4057561755180359,-7.614531517028809,-2.6919808387756348
792,1.7593770027160645,0.2761046290397644,-0.4933529794216156
793,-10.27752685546875,-14.982162475585938,12.794805526733398
794,-6.010989665985107,14.493257522583008,5.414769649505615
795,-7.159767150878906,-12.577134132385254,1.8062835931777954
796,4.460613250732422,-10.916539192199707,0.9882475137710571
797,-0.5301969051361084,4.807328701019287,-2.5494213104248047
798,0.7325564622879028,2.257542610168457,-8.681901931762695
799,-8.679821014404297,7.8011651039123535,6.05283784866333
800,4.762428283691406,-3.3665285110473633,-0.08462832123041153
801,6.3892645835876465,2.8664615154266357,-1.071039080619812
802,-5.495051860809326,-15.790336608886719,9.384172439575195
803,6.70528507232666,-8.934012413024902,5.496662139892578
804,1.7749148607254028,-8.552921295166016,-1.6903598308563232
805,6.33055305480957,15.652819633483887,8.235380172729492
806,5.977729797363281,9.122162818908691,1.1631970405578613
807,-1.3653398752212524,-1.2347702980041504,-6.897633075714111
808,3.7708654403686523,8.712268829345703,-3.4827139377593994
809,-7.188620090484619,4.602437496185303,-23.497236251831055
810,-5.3457350730896,-3.7852847576141357,8.032197952270508
811,0.7947998642921448,-12.842440605163574,-1.8337502479553223
812,3.7343990802764893,4.905990123748779,1.8881534337997437
813,-1.2101043462753296,-5.808708667755127,-0.5411877632141113
814,3.7195041179656982,3.500412940979004,-9.490010261535645
815,-3.2420060634613037,1.323194980621338,8.781367301940918
816,-10.861848831176758,-8.621298789978027,-1.0413812398910522
817,8.514405250549316,2.4892892837524414,3.2555320262908936
818,-5.090999603271484,-0.13526669144630432,-3.7632405757904053
819,4.309759140014648,4.089334964752197,-5.074991226196289
820,0.141646146774292,1.8701951503753662,-0.2548588216304779
821,6.954990386962891,6.920847415924072,-3.5977396965026855
822,-15.261653900146484,-2.741140127182007,3.6990091800689697
823,0.14474625885486603,-3.326289653778076,-3.5484097003936768
824,1.360733985900879,-1.6953303813934326,0.41605469584465027
825,-9.084038734436035,-5.147334098815918,2.006992816925049
826,-0.44198286533355713,-6.638738632202148,0.4436494708061218
827,4.374294281005859,-4.201954364776611,-1.6436419486999512
828,0.06196874752640724,-5.138605117797852,-4.2927045822143555
829,0.24740618467330933,-2.759643077850342,-5.841215133666992
830,-1.9071037769317627,1.1897064447402954,1.6847879886627197
831,6.228554725646973,1.397606611251831,-4.8497209548950195
832,8.069436073303223,-0.6406128406524658,-5.4922027587890625
833,6.98310661315918,-1.0261445045471191,2.4603404998779297
834,4.937982082366943,-8.22824478149414,-3.399169683456421
835,-1.5514980554580688,-11.159090042114258,-8.775531768798828
836,-7.442487716674805,-1.7816935777664185,-2.789954900741577
837,-2.025094509124756,3.9833948612213135,-11.178277969360352
838,-3.225226640701294,13.383478164672852,4.8722124099731445
839,11.280776977539062,21.559738159179688,2.6309428215026855
840,3.9470136165618896,3.4899795055389404,1.3710774183273315
841,-4.481130123138428,-4.412248611450195,10.792526245117188
842,9.730533599853516,7.348443984985352,-5.818271160125732
843,5.676403045654297,-3.406277894973755,33.486148834228516
844,-5.239322185516357,3.4141108989715576,0.1524648219347
845,7.912718772888184,-4.822615146636963,4.487663269042969
846,-3.0648155212402344,-2.132540702819824,18.89266014099121
847,-4.487817287445068,3.192662000656128,-0.23514991998672485
848,2.48479962348938,-6.954134941101074,-4.5817036628723145
849,-10.201118469238281,-0.9678649306297302,1.204192876815796
850,3.645087242126465,32.266685485839844,-2.691401481628418
851,0.7116929292678833,0.47087931632995605,0.39196860790252686
852,8.99767780303955,-2.0830976963043213,-5.460559844970703
853,5.055325508117676,0.7726758122444153,7.764440536499023
854,1.971067190170288,-8.061394691467285,-4.82597017288208
855,7.535479545593262,7.719363212585449,2.906296491622925
856,0.8451047539710999,11.615033149719238,-2.2841970920562744
857,9.815821647644043,-24.433507919311523,-1.4392560720443726
858,5.713954925537109,-1.4309945106506348,14.769883155822754
859,16.10675621032715,-20.305164337158203,6.869198799133301
860,-2.025880813598633,-10.290240287780762,7.128960609436035
861,-2.3049581050872803,0.5904702544212341,-1.6960065364837646
862,0.2092258334159851,0.12354343384504318,-0.5511966943740845
863,-2.5180110931396484,-4.962356090545654,0.8936361074447632
864,-3.338468313217163,5.076822757720947,-13.658608436584473
865,0.2585403323173523,6.900971412658691,1.0016990900039673
866,-7.315842628479004,-3.267608642578125,6.288187026977539
867,-2.694498062133789,-17.208654403686523,-14.554924011230469
868,4.457181930541992,-1.5281620025634766,12.171635627746582
869,-6.885849952697754,2.2657833099365234,-1.8904201984405518
870,6.726810455322266,6.234353065490723,0.06682953238487244
871,7.051704406738281,-3.1371984481811523,-15.679893493652344
872,-6.95266056060791,0.13824796676635742,2.567131519317627
873,-1.9296915531158447,-9.632883071899414,5.259866237640381
874,-2.329813241958618,1.7386327981948853,-12.101546287536621
875,-13.085041999816895,7.415376663208008,-6.198360443115234
876,5.378493785858154,-5.0183258056640625,5.382218837738037
877,2.42899227142334,-1.83939790725708,5.590288162231445
878,1.7377896308898926,-4.741262435913086,0.5788156390190125
879,1.7322665452957153,-6.392821788787842,-3.832927942276001
880,-2.3051276206970215,4.565752029418945,8.715551376342773
881,2.6249492168426514,-4.351783752441406,5.573675632476807
882,4.232173442840576,-4.545719623565674,4.418679714202881
883,-1.34407377243042,1.0925014019012451,-2.34014630317688
884,0.7573839426040649,-8.538238525390625,-15.475313186645508
885,8.404308319091797,-3.4904990196228027,-15.745915412902832
886,-8.420661926269531,3.162468671798706,-1.4605586528778076
887,-9.650908470153809,-0.2460831254720688,-0.8275825381278992
888,5.579977035522461,-0.5777353644371033,-1.3671462535858154
889,-6.390038013458252,1.9725589752197266,2.5014171600341797
890,-1.5353304147720337,-8.827216148376465,-2.277618408203125
891,-12.410930633544922,-9.44753646850586,8.087200164794922
892,5.935102462768555,-11.658724784851074,1.698157548904419
893,2.7091050148010254,-2.490243911743164,-12.319282531738281
894,-5.45034122467041,6.70086145401001,-1.9814937114715576
895,-0.6026540994644165,2.595393180847168,20.21834945678711
896,3.7526633739471436,0.9257460236549377,1.1304341554641724
897,2.4790217876434326,8.631753921508789,0.3355426788330078
898,3.016720771789551,6.097818374633789,-2.8872079849243164
899,0.44175130128860474,9.67922592163086,0.2849394977092743
900,-6.244131088256836,-10.483509063720703,3.101837635040283
901,14.233306884765625,6.331854820251465,28.10755729675293
902,-4.969356536865234,11.996245384216309,-7.517716884613037
903,0.11736299097537994,0.6885366439819336,0.2454504519701004
904,-2.951841354370117,0.7712701559066772,9.394803047180176
905,-3.4987053871154785,-15.577363014221191,14.391796112060547
906,-0.45873045921325684,10.905255317687988,-2.116342067718506
907,9.699085235595703,-0.789452314376831,-10.570048332214355
908,-0.17067432403564453,2.6326253414154053,-12.655437469482422
909,0.4392997622489929,-0.33232811093330383,7.830663681030273
910,-2.707805633544922,3.269423007965088,-0.051257453858852386
911,3.1672821044921875,5.622060298919678,9.638460159301758
912,1.8787126541137695,0.2724422216415405,-4.68863582611084
913,-5.6726484298706055,2.7210915088653564,-19.585582733154297
914,5.313384056091309,1.2202582359313965,-10.70508861541748
915,-6.9372358322143555,2.934659004211426,-12.522668838500977
916,3.0376365184783936,-2.9080591201782227,-6.7937846183776855
917,0.5528528094291687,2.8533670902252197,0.1520356386899948
918,3.137192487716675,0.6566758155822754,2.6005311012268066
919,1.7928760051727295,8.93294620513916,-7.133309841156006
920,5.038722038269043,4.436282634735107,0.9687522649765015
921,1.0420634746551514,1.9473557472229004,0.16560131311416626
922,1.687851905822754,4.593059539794922,5.817560195922852
923,6.74308967590332,-8.763800621032715,1.0656009912490845
924,6.189503192901611,-2.2903523445129395,-3.245697021484375
925,10.654376983642578,1.2820568084716797,1.2667244672775269
926,8.637127876281738,8.626500129699707,-12.360639572143555
927,6.184989929199219,13.703367233276367,-8.60287094116211
928,2.3461713790893555,-0.18059448897838593,4.939410209655762
929,-1.6441962718963623,-1.8545691967010498,1.7739183902740479
930,1.3936762809753418,3.987189769744873,1.425673007965088
931,-0.8652100563049316,-5.455631256103516,-5.570012092590332
932,-3.9249215126037598,15.352463722229004,-9.45288372039795
933,4.434673309326172,-3.846344470977783,1.7088539600372314
934,5.467837333679199,17.92498207092285,19.80014419555664
935,1.2663156986236572,12.319087028503418,-3.0701403617858887
936,-3.9953067302703857,-7.175145149230957,1.399004578590393
937,-5.038623809814453,0.0861339345574379,-7.823821067810059
938,-10.179892539978027,-11.123937606811523,-10.254297256469727
939,2.2998735904693604,1.3154720067977905,-7.328035354614258
940,0.12975002825260162,1.4843947887420654,-1.2633509635925293
941,9.265027046203613,0.7659271955490112,1.4336382150650024
942,0.8666059970855713,12.72537612915039,2.1578023433685303
943,-17.87910270690918,-3.7541065216064453,6.752613067626953
944,-0.03257293626666069,-2.0566577911376953,-3.030813217163086
945,-4.67635440826416,8.371152877807617,2.2507517337799072
946,2.3573153018951416,-8.927884101867676,3.3196945190429688
947,-0.6227442026138306,2.3260345458984375,8.509261131286621
948,-0.8019989132881165,-1.134921669960022,7.5123114585876465
949,3.988801956176758,-5.5756754875183105,-10.544021606445312
950,0.7878594398498535,9.466811180114746,17.80423355102539
951,2.570101261138916,-5.601021766662598,-1.4833592176437378
952,-0.7021030187606812,2.3806960582733154,-4.234786033630371
953,15.362689971923828,-6.045810699462891,11.087411880493164
954,0.27407360076904297,3.9071245193481445,14.389738082885742
955,2.3125967979431152,2.145533323287964,5.360453128814697
956,-5.692770004272461,6.447588920593262,-4.409274101257324
957,-4.349188327789307,-0.12050390988588333,-14.704458236694336
958,-1.9586926698684692,-16.14120864868164,-9.48513126373291
959,2.3461289405822754,-0.18465173244476318,2.129610300064087
960,-7.448725700378418,27.610126495361328,-8.254053115844727
961,0.8422393202781677,2.9855692386627197,19.245927810668945
962,-5.6975626945495605,-7.0176591873168945,6.481339931488037
963,-1.9262491464614868,0.4282066822052002,2.030630111694336
964,3.6907434463500977,-7.109380722045898,-0.6081844568252563
965,6.246947765350342,-4.683468818664551,-4.536731243133545
966,0.039178118109703064,-3.1531169414520264,14.249685287475586
967,-7.855060577392578,14.354629516601562,7.69535493850708
968,8.931913375854492,3.1812241077423096,8.62142562866211
969,2.2617428302764893,0.5133398771286011,-2.358963966369629
970,2.4117918014526367,-13.323041915893555,-6.697171211242676
971,-2.9867444038391113,4.8056721687316895,-4.6168437004089355
972,-7.600846290588379,7.544208526611328,-6.802279472351074
973,-1.522916555404663,-5.271527290344238,-6.688373565673828
974,0.10101896524429321,2.77659273147583,15.452617645263672
975,-0.781369686126709,6.598807334899902,9.432787895202637
976,-3.5097603797912598,-3.4355356693267822,-5.24926233291626
977,-8.756662368774414,-7.61767578125,-19.956039428710938
978,16.6179141998291,-1.5791963338851929,3.0095245838165283
979,-4.812053680419922,-5.237250328063965,-5.572585582733154
980,-4.241611003875732,-7.420299530029297,2.248696804046631
981,-5.740334987640381,-0.6733476519584656,1.031658411026001
982,-6.209959506988525,-0.6642950773239136,-4.784193992614746
983,4.994547367095947,-1.823878288269043,0.9350937604904175
984,-2.4289321899414062,3.9310991764068604,-3.0714833736419678
985,-0.9492456912994385,10.582595825195312,-9.568246841430664
986,-4.2427287101745605,-3.242048740386963,1.0736390352249146
987,-1.0027532577514648,4.048855304718018,-2.2946717739105225
988,-8.456799507141113,-10.114023208618164,-7.65814733505249
989,4.873027801513672,-14.24449348449707,-6.662940979003906
990,-19.869037628173828,-9.197403907775879,0.8719874024391174
991,-0.2884674072265625,4.08650541305542,8.289755821228027
992,-2.2690322399139404,4.3055219650268555,5.778590202331543
993,-3.475468158721924,-7.774074554443359,-17.239608764648438
994,2.2692158222198486,9.549605369567871,15.162586212158203
995,-1.2621264457702637,-4.982151031494141,0.9257460236549377
996,2.2061455249786377,4.515376567840576,11.928422927856445
997,7.610788345336914,1.2561864852905273,-11.803777694702148
998,-0.8710681200027466,5.316121578216553,2.435177803039551
999,-7.2928853034973145,7.529669761657715,3.9951443672180176
